ai_app_id,ability_id,label,frs_score,note
1,7,high,1.0,[Abstract strategy games] engages 'Problem Sensitivity' (the ability to tell when something is wrong or is likely to go wrong; recognizing a problem without necessarily solving it). FRS 2018 scores this pair 1.00.
1,8,high,1.0,[Abstract strategy games] engages 'Deductive Reasoning' (the ability to apply general rules to specific problems to produce answers that make sense). FRS 2018 scores this pair 1.00.
1,15,high,1.0,"[Abstract strategy games] engages 'Speed of Closure' (the ability to quickly make sense of, combine, and organize information into meaningful patterns). FRS 2018 scores this pair 1.00."
1,16,high,1.0,[Abstract strategy games] engages 'Flexibility of Closure' (the ability to identify or detect a known pattern that is hidden in other distracting material). FRS 2018 scores this pair 1.00.
1,6,high,0.75,"[Abstract strategy games] engages 'Originality' (the ability to come up with unusual or clever ideas about a given topic or situation, or to develop creative ways to solve a problem). FRS 2018 scores this pair 0.75."
1,10,high,0.75,"[Abstract strategy games] engages 'Information Ordering' (the ability to arrange things or actions in a certain order or pattern according to a specific rule or set of rules (e.g., numbers, letters, words, pictures)). FRS 2018 scores this pair 0.75."
1,14,high,0.75,"[Abstract strategy games] engages 'Memorization' (the ability to remember information such as words, numbers, pictures, and procedures). FRS 2018 scores this pair 0.75."
1,19,high,0.75,[Abstract strategy games] engages 'Visualization' (the ability to imagine how something will look after it is moved or when its parts are rearranged). FRS 2018 scores this pair 0.75.
1,1,low,0.0,[Abstract strategy games] does little for 'Oral Comprehension' (the ability to listen to and understand information and ideas presented through spoken words and sentences). FRS 2018 scores this pair 0.00.
1,32,low,0.0,"[Abstract strategy games] does little for 'Static Strength' (the ability to exert maximum muscle force to lift, push, pull, or carry objects). FRS 2018 scores this pair 0.00."
1,33,low,0.0,[Abstract strategy games] does little for 'Dynamic Strength' (the ability to exert muscle force repeatedly or continuously over time; muscular endurance and resistance to fatigue). FRS 2018 scores this pair 0.00.
1,35,low,0.0,[Abstract strategy games] does little for 'Trunk Strength' (the ability to use abdominal and lower back muscles to support part of the body repeatedly or continuously without fatiguing). FRS 2018 scores this pair 0.00.
1,39,low,0.0,"[Abstract strategy games] does little for 'Gross Body Coordination' (the ability to coordinate the movement of your arms, legs, and torso together when the whole body is in motion). FRS 2018 scores this pair 0.00."
1,42,low,0.0,[Abstract strategy games] does little for 'Far Vision' (the ability to see details at a distance). FRS 2018 scores this pair 0.00.
1,46,low,0.0,[Abstract strategy games] does little for 'Night Vision' (the ability to see under low‑light conditions). FRS 2018 scores this pair 0.00.
1,52,low,0.0,[Abstract strategy games] does little for 'Speech Clarity' (the ability to speak clearly so others can understand you). FRS 2018 scores this pair 0.00.
2,7,high,1.0,[Real-time video games] engages 'Problem Sensitivity' (the ability to tell when something is wrong or is likely to go wrong; recognizing a problem without necessarily solving it). FRS 2018 scores this pair 1.00.
2,8,high,0.75,[Real-time video games] engages 'Deductive Reasoning' (the ability to apply general rules to specific problems to produce answers that make sense). FRS 2018 scores this pair 0.75.
2,15,high,0.75,"[Real-time video games] engages 'Speed of Closure' (the ability to quickly make sense of, combine, and organize information into meaningful patterns). FRS 2018 scores this pair 0.75."
2,17,high,0.75,"[Real-time video games] engages 'Perceptual Speed' (the ability to quickly and accurately compare similarities and differences among sets of letters, numbers, objects, pictures, or patterns). FRS 2018 scores this pair 0.75."
2,19,high,0.75,[Real-time video games] engages 'Visualization' (the ability to imagine how something will look after it is moved or when its parts are rearranged). FRS 2018 scores this pair 0.75.
2,23,high,0.75,"[Real-time video games] engages 'Manual Dexterity' (the ability to quickly move your hand, your hand together with your arm, or your two hands to grasp, manipulate, or assemble objects). FRS 2018 scores this pair 0.75."
2,25,high,0.75,[Real-time video games] engages 'Control Precision' (the ability to quickly and repeatedly adjust the controls of a machine or a vehicle to exact positions). FRS 2018 scores this pair 0.75.
2,50,high,0.75,[Real-time video games] engages 'Sound Localization' (the ability to tell the direction from which a sound originated). FRS 2018 scores this pair 0.75.
2,3,low,0.0,[Real-time video games] does little for 'Oral Expression' (the ability to communicate information and ideas in speaking so others will understand). FRS 2018 scores this pair 0.00.
2,34,low,0.0,"[Real-time video games] does little for 'Explosive Strength' (the ability to use short bursts of muscle force to propel oneself (e.g., jumping or sprinting) or to throw an object). FRS 2018 scores this pair 0.00."
2,39,low,0.0,"[Real-time video games] does little for 'Gross Body Coordination' (the ability to coordinate the movement of your arms, legs, and torso together when the whole body is in motion). FRS 2018 scores this pair 0.00."
2,40,low,0.0,[Real-time video games] does little for 'Gross Body Equilibrium' (the ability to keep or regain your body balance or stay upright when in an unstable position). FRS 2018 scores this pair 0.00.
2,42,low,0.0,[Real-time video games] does little for 'Far Vision' (the ability to see details at a distance). FRS 2018 scores this pair 0.00.
2,46,low,0.0,[Real-time video games] does little for 'Night Vision' (the ability to see under low‑light conditions). FRS 2018 scores this pair 0.00.
2,52,low,0.0,[Real-time video games] does little for 'Speech Clarity' (the ability to speak clearly so others can understand you). FRS 2018 scores this pair 0.00.
2,1,low,0.25,[Real-time video games] does little for 'Oral Comprehension' (the ability to listen to and understand information and ideas presented through spoken words and sentences). FRS 2018 scores this pair 0.25.
3,41,high,1.0,[Image recognition] engages 'Near Vision' (the ability to see details at close range (within a few feet of the observer)). FRS 2018 scores this pair 1.00.
3,44,high,1.0,"[Image recognition] engages 'Depth Perception' (the ability to judge which of several objects is closer or farther away, or to judge distance). FRS 2018 scores this pair 1.00."
3,45,high,1.0,"[Image recognition] engages 'Visual Color Discrimination' (the ability to match or detect differences between colors, including shades and brightness). FRS 2018 scores this pair 1.00."
3,47,high,1.0,[Image recognition] engages 'Glare Sensitivity' (the ability to see objects in the presence of glare or bright lighting). FRS 2018 scores this pair 1.00.
3,11,high,0.75,[Image recognition] engages 'Category Flexibility' (the ability to generate or use different sets of rules for combining or grouping things in different ways). FRS 2018 scores this pair 0.75.
3,16,high,0.75,[Image recognition] engages 'Flexibility of Closure' (the ability to identify or detect a known pattern that is hidden in other distracting material). FRS 2018 scores this pair 0.75.
3,42,high,0.75,[Image recognition] engages 'Far Vision' (the ability to see details at a distance). FRS 2018 scores this pair 0.75.
3,46,high,0.75,[Image recognition] engages 'Night Vision' (the ability to see under low‑light conditions). FRS 2018 scores this pair 0.75.
3,1,low,0.0,[Image recognition] does little for 'Oral Comprehension' (the ability to listen to and understand information and ideas presented through spoken words and sentences). FRS 2018 scores this pair 0.00.
3,22,low,0.0,[Image recognition] does little for 'Arm-Hand Steadiness' (the ability to keep your hand and arm steady while moving your arm or while holding your arm and hand in one position). FRS 2018 scores this pair 0.00.
3,26,low,0.0,"[Image recognition] does little for 'Multilimb Coordination' (the ability to coordinate two or more limbs while sitting, standing, or lying down (not while the whole body is in motion)). FRS 2018 scores this pair 0.00."
3,30,low,0.0,"[Image recognition] does little for 'Wrist-Finger Speed' (the ability to make fast, simple, repeated movements of the fingers, hands, and wrists). FRS 2018 scores this pair 0.00."
3,33,low,0.0,[Image recognition] does little for 'Dynamic Strength' (the ability to exert muscle force repeatedly or continuously over time; muscular endurance and resistance to fatigue). FRS 2018 scores this pair 0.00.
3,37,low,0.0,"[Image recognition] does little for 'Extent Flexibility' (the ability to bend, stretch, twist, or reach with your body, arms, and/or legs). FRS 2018 scores this pair 0.00."
3,48,low,0.0,[Image recognition] does little for 'Hearing Sensitivity' (the ability to detect or tell the differences between sounds that vary in pitch and loudness). FRS 2018 scores this pair 0.00.
3,52,low,0.0,[Image recognition] does little for 'Speech Clarity' (the ability to speak clearly so others can understand you). FRS 2018 scores this pair 0.00.
4,41,high,1.0,[Visual question answering] engages 'Near Vision' (the ability to see details at close range (within a few feet of the observer)). FRS 2018 scores this pair 1.00.
4,44,high,1.0,"[Visual question answering] engages 'Depth Perception' (the ability to judge which of several objects is closer or farther away, or to judge distance). FRS 2018 scores this pair 1.00."
4,45,high,1.0,"[Visual question answering] engages 'Visual Color Discrimination' (the ability to match or detect differences between colors, including shades and brightness). FRS 2018 scores this pair 1.00."
4,5,high,0.75,"[Visual question answering] engages 'Fluency of Ideas' (the ability to come up with a number of ideas about a topic (the number of ideas matters, not their quality, correctness, or creativity)). FRS 2018 scores this pair 0.75."
4,11,high,0.75,[Visual question answering] engages 'Category Flexibility' (the ability to generate or use different sets of rules for combining or grouping things in different ways). FRS 2018 scores this pair 0.75.
4,42,high,0.75,[Visual question answering] engages 'Far Vision' (the ability to see details at a distance). FRS 2018 scores this pair 0.75.
4,43,high,0.75,[Visual question answering] engages 'Peripheral Vision' (the ability to see objects or the movement of objects to one's side when the eyes are looking ahead). FRS 2018 scores this pair 0.75.
4,47,high,0.75,[Visual question answering] engages 'Glare Sensitivity' (the ability to see objects in the presence of glare or bright lighting). FRS 2018 scores this pair 0.75.
4,1,low,0.0,[Visual question answering] does little for 'Oral Comprehension' (the ability to listen to and understand information and ideas presented through spoken words and sentences). FRS 2018 scores this pair 0.00.
4,24,low,0.0,"[Visual question answering] does little for 'Finger Dexterity' (the ability to make precisely coordinated movements of the fingers of one or both hands to grasp, manipulate, or assemble very small objects). FRS 2018 scores this pair 0.00."
4,28,low,0.0,[Visual question answering] does little for 'Rate Control' (the ability to time your movements or the movement of equipment in anticipation of changes in speed and/or direction of a moving object or scene). FRS 2018 scores this pair 0.00.
4,31,low,0.0,[Visual question answering] does little for 'Speed of Limb Movement' (the ability to quickly move the arms and legs). FRS 2018 scores this pair 0.00.
4,34,low,0.0,"[Visual question answering] does little for 'Explosive Strength' (the ability to use short bursts of muscle force to propel oneself (e.g., jumping or sprinting) or to throw an object). FRS 2018 scores this pair 0.00."
4,37,low,0.0,"[Visual question answering] does little for 'Extent Flexibility' (the ability to bend, stretch, twist, or reach with your body, arms, and/or legs). FRS 2018 scores this pair 0.00."
4,48,low,0.0,[Visual question answering] does little for 'Hearing Sensitivity' (the ability to detect or tell the differences between sounds that vary in pitch and loudness). FRS 2018 scores this pair 0.00.
4,51,low,0.0,[Visual question answering] does little for 'Speech Recognition' (the ability to identify and understand the speech of another person). FRS 2018 scores this pair 0.00.
5,6,high,1.0,"[Generating images] engages 'Originality' (the ability to come up with unusual or clever ideas about a given topic or situation, or to develop creative ways to solve a problem). FRS 2018 scores this pair 1.00."
5,19,high,1.0,[Generating images] engages 'Visualization' (the ability to imagine how something will look after it is moved or when its parts are rearranged). FRS 2018 scores this pair 1.00.
5,5,high,0.75,"[Generating images] engages 'Fluency of Ideas' (the ability to come up with a number of ideas about a topic (the number of ideas matters, not their quality, correctness, or creativity)). FRS 2018 scores this pair 0.75."
5,4,high,0.5,[Generating images] engages 'Written Expression' (the ability to communicate information and ideas in writing so others will understand). FRS 2018 scores this pair 0.50.
5,12,high,0.5,[Generating images] engages 'Mathematical Reasoning' (the ability to choose the right mathematical methods or formulas to solve a problem). FRS 2018 scores this pair 0.50.
5,16,high,0.5,[Generating images] engages 'Flexibility of Closure' (the ability to identify or detect a known pattern that is hidden in other distracting material). FRS 2018 scores this pair 0.50.
5,44,high,0.5,"[Generating images] engages 'Depth Perception' (the ability to judge which of several objects is closer or farther away, or to judge distance). FRS 2018 scores this pair 0.50."
5,47,high,0.5,[Generating images] engages 'Glare Sensitivity' (the ability to see objects in the presence of glare or bright lighting). FRS 2018 scores this pair 0.50.
5,1,low,0.0,[Generating images] does little for 'Oral Comprehension' (the ability to listen to and understand information and ideas presented through spoken words and sentences). FRS 2018 scores this pair 0.00.
5,22,low,0.0,[Generating images] does little for 'Arm-Hand Steadiness' (the ability to keep your hand and arm steady while moving your arm or while holding your arm and hand in one position). FRS 2018 scores this pair 0.00.
5,26,low,0.0,"[Generating images] does little for 'Multilimb Coordination' (the ability to coordinate two or more limbs while sitting, standing, or lying down (not while the whole body is in motion)). FRS 2018 scores this pair 0.00."
5,30,low,0.0,"[Generating images] does little for 'Wrist-Finger Speed' (the ability to make fast, simple, repeated movements of the fingers, hands, and wrists). FRS 2018 scores this pair 0.00."
5,33,low,0.0,[Generating images] does little for 'Dynamic Strength' (the ability to exert muscle force repeatedly or continuously over time; muscular endurance and resistance to fatigue). FRS 2018 scores this pair 0.00.
5,37,low,0.0,"[Generating images] does little for 'Extent Flexibility' (the ability to bend, stretch, twist, or reach with your body, arms, and/or legs). FRS 2018 scores this pair 0.00."
5,48,low,0.0,[Generating images] does little for 'Hearing Sensitivity' (the ability to detect or tell the differences between sounds that vary in pitch and loudness). FRS 2018 scores this pair 0.00.
5,52,low,0.0,[Generating images] does little for 'Speech Clarity' (the ability to speak clearly so others can understand you). FRS 2018 scores this pair 0.00.
6,2,high,1.0,[Reading comprehension] engages 'Written Comprehension' (the ability to read and understand information and ideas presented in writing). FRS 2018 scores this pair 1.00.
6,8,high,1.0,[Reading comprehension] engages 'Deductive Reasoning' (the ability to apply general rules to specific problems to produce answers that make sense). FRS 2018 scores this pair 1.00.
6,9,high,1.0,[Reading comprehension] engages 'Inductive Reasoning' (the ability to combine pieces of information to form general rules or conclusions (including finding relationships among seemingly unrelated events)). FRS 2018 scores this pair 1.00.
6,4,high,0.5,[Reading comprehension] engages 'Written Expression' (the ability to communicate information and ideas in writing so others will understand). FRS 2018 scores this pair 0.50.
6,6,high,0.5,"[Reading comprehension] engages 'Originality' (the ability to come up with unusual or clever ideas about a given topic or situation, or to develop creative ways to solve a problem). FRS 2018 scores this pair 0.50."
6,11,high,0.5,[Reading comprehension] engages 'Category Flexibility' (the ability to generate or use different sets of rules for combining or grouping things in different ways). FRS 2018 scores this pair 0.50.
6,15,high,0.5,"[Reading comprehension] engages 'Speed of Closure' (the ability to quickly make sense of, combine, and organize information into meaningful patterns). FRS 2018 scores this pair 0.50."
6,17,high,0.5,"[Reading comprehension] engages 'Perceptual Speed' (the ability to quickly and accurately compare similarities and differences among sets of letters, numbers, objects, pictures, or patterns). FRS 2018 scores this pair 0.50."
6,3,low,0.0,[Reading comprehension] does little for 'Oral Expression' (the ability to communicate information and ideas in speaking so others will understand). FRS 2018 scores this pair 0.00.
6,24,low,0.0,"[Reading comprehension] does little for 'Finger Dexterity' (the ability to make precisely coordinated movements of the fingers of one or both hands to grasp, manipulate, or assemble very small objects). FRS 2018 scores this pair 0.00."
6,28,low,0.0,[Reading comprehension] does little for 'Rate Control' (the ability to time your movements or the movement of equipment in anticipation of changes in speed and/or direction of a moving object or scene). FRS 2018 scores this pair 0.00.
6,33,low,0.0,[Reading comprehension] does little for 'Dynamic Strength' (the ability to exert muscle force repeatedly or continuously over time; muscular endurance and resistance to fatigue). FRS 2018 scores this pair 0.00.
6,38,low,0.0,"[Reading comprehension] does little for 'Dynamic Flexibility' (the ability to quickly and repeatedly bend, stretch, twist, or reach with your body, arms, and/or legs). FRS 2018 scores this pair 0.00."
6,43,low,0.0,[Reading comprehension] does little for 'Peripheral Vision' (the ability to see objects or the movement of objects to one's side when the eyes are looking ahead). FRS 2018 scores this pair 0.00.
6,47,low,0.0,[Reading comprehension] does little for 'Glare Sensitivity' (the ability to see objects in the presence of glare or bright lighting). FRS 2018 scores this pair 0.00.
6,52,low,0.0,[Reading comprehension] does little for 'Speech Clarity' (the ability to speak clearly so others can understand you). FRS 2018 scores this pair 0.00.
7,2,high,1.0,[Language modeling] engages 'Written Comprehension' (the ability to read and understand information and ideas presented in writing). FRS 2018 scores this pair 1.00.
7,11,high,1.0,[Language modeling] engages 'Category Flexibility' (the ability to generate or use different sets of rules for combining or grouping things in different ways). FRS 2018 scores this pair 1.00.
7,6,high,0.75,"[Language modeling] engages 'Originality' (the ability to come up with unusual or clever ideas about a given topic or situation, or to develop creative ways to solve a problem). FRS 2018 scores this pair 0.75."
7,8,high,0.75,[Language modeling] engages 'Deductive Reasoning' (the ability to apply general rules to specific problems to produce answers that make sense). FRS 2018 scores this pair 0.75.
7,9,high,0.75,[Language modeling] engages 'Inductive Reasoning' (the ability to combine pieces of information to form general rules or conclusions (including finding relationships among seemingly unrelated events)). FRS 2018 scores this pair 0.75.
7,10,high,0.75,"[Language modeling] engages 'Information Ordering' (the ability to arrange things or actions in a certain order or pattern according to a specific rule or set of rules (e.g., numbers, letters, words, pictures)). FRS 2018 scores this pair 0.75."
7,15,high,0.75,"[Language modeling] engages 'Speed of Closure' (the ability to quickly make sense of, combine, and organize information into meaningful patterns). FRS 2018 scores this pair 0.75."
7,1,high,0.5,[Language modeling] engages 'Oral Comprehension' (the ability to listen to and understand information and ideas presented through spoken words and sentences). FRS 2018 scores this pair 0.50.
7,13,low,0.0,"[Language modeling] does little for 'Number Facility' (the ability to add, subtract, multiply, or divide quickly and correctly). FRS 2018 scores this pair 0.00."
7,24,low,0.0,"[Language modeling] does little for 'Finger Dexterity' (the ability to make precisely coordinated movements of the fingers of one or both hands to grasp, manipulate, or assemble very small objects). FRS 2018 scores this pair 0.00."
7,29,low,0.0,"[Language modeling] does little for 'Reaction Time' (the ability to quickly respond with the hand, finger, or foot to a signal (sound, light, picture) when it appears). FRS 2018 scores this pair 0.00."
7,33,low,0.0,[Language modeling] does little for 'Dynamic Strength' (the ability to exert muscle force repeatedly or continuously over time; muscular endurance and resistance to fatigue). FRS 2018 scores this pair 0.00.
7,37,low,0.0,"[Language modeling] does little for 'Extent Flexibility' (the ability to bend, stretch, twist, or reach with your body, arms, and/or legs). FRS 2018 scores this pair 0.00."
7,41,low,0.0,[Language modeling] does little for 'Near Vision' (the ability to see details at close range (within a few feet of the observer)). FRS 2018 scores this pair 0.00.
7,46,low,0.0,[Language modeling] does little for 'Night Vision' (the ability to see under low‑light conditions). FRS 2018 scores this pair 0.00.
7,50,low,0.0,[Language modeling] does little for 'Sound Localization' (the ability to tell the direction from which a sound originated). FRS 2018 scores this pair 0.00.
8,2,high,1.0,[Translation] engages 'Written Comprehension' (the ability to read and understand information and ideas presented in writing). FRS 2018 scores this pair 1.00.
8,4,high,1.0,[Translation] engages 'Written Expression' (the ability to communicate information and ideas in writing so others will understand). FRS 2018 scores this pair 1.00.
8,8,high,0.75,[Translation] engages 'Deductive Reasoning' (the ability to apply general rules to specific problems to produce answers that make sense). FRS 2018 scores this pair 0.75.
8,1,high,0.5,[Translation] engages 'Oral Comprehension' (the ability to listen to and understand information and ideas presented through spoken words and sentences). FRS 2018 scores this pair 0.50.
8,10,high,0.5,"[Translation] engages 'Information Ordering' (the ability to arrange things or actions in a certain order or pattern according to a specific rule or set of rules (e.g., numbers, letters, words, pictures)). FRS 2018 scores this pair 0.50."
8,14,high,0.5,"[Translation] engages 'Memorization' (the ability to remember information such as words, numbers, pictures, and procedures). FRS 2018 scores this pair 0.50."
8,49,high,0.5,[Translation] engages 'Auditory Attention' (the ability to focus on a single source of sound in the presence of other distracting sounds). FRS 2018 scores this pair 0.50.
8,52,high,0.5,[Translation] engages 'Speech Clarity' (the ability to speak clearly so others can understand you). FRS 2018 scores this pair 0.50.
8,13,low,0.0,"[Translation] does little for 'Number Facility' (the ability to add, subtract, multiply, or divide quickly and correctly). FRS 2018 scores this pair 0.00."
8,23,low,0.0,"[Translation] does little for 'Manual Dexterity' (the ability to quickly move your hand, your hand together with your arm, or your two hands to grasp, manipulate, or assemble objects). FRS 2018 scores this pair 0.00."
8,27,low,0.0,[Translation] does little for 'Response Orientation' (the ability to choose quickly between two or more movements in response to two or more different signals; includes the speed of starting the correct response). FRS 2018 scores this pair 0.00.
8,31,low,0.0,[Translation] does little for 'Speed of Limb Movement' (the ability to quickly move the arms and legs). FRS 2018 scores this pair 0.00.
8,35,low,0.0,[Translation] does little for 'Trunk Strength' (the ability to use abdominal and lower back muscles to support part of the body repeatedly or continuously without fatiguing). FRS 2018 scores this pair 0.00.
8,39,low,0.0,"[Translation] does little for 'Gross Body Coordination' (the ability to coordinate the movement of your arms, legs, and torso together when the whole body is in motion). FRS 2018 scores this pair 0.00."
8,43,low,0.0,[Translation] does little for 'Peripheral Vision' (the ability to see objects or the movement of objects to one's side when the eyes are looking ahead). FRS 2018 scores this pair 0.00.
8,47,low,0.0,[Translation] does little for 'Glare Sensitivity' (the ability to see objects in the presence of glare or bright lighting). FRS 2018 scores this pair 0.00.
9,1,high,1.0,[Speech recognition] engages 'Oral Comprehension' (the ability to listen to and understand information and ideas presented through spoken words and sentences). FRS 2018 scores this pair 1.00.
9,49,high,1.0,[Speech recognition] engages 'Auditory Attention' (the ability to focus on a single source of sound in the presence of other distracting sounds). FRS 2018 scores this pair 1.00.
9,51,high,1.0,[Speech recognition] engages 'Speech Recognition' (the ability to identify and understand the speech of another person). FRS 2018 scores this pair 1.00.
9,48,high,0.75,[Speech recognition] engages 'Hearing Sensitivity' (the ability to detect or tell the differences between sounds that vary in pitch and loudness). FRS 2018 scores this pair 0.75.
9,50,high,0.75,[Speech recognition] engages 'Sound Localization' (the ability to tell the direction from which a sound originated). FRS 2018 scores this pair 0.75.
9,52,high,0.75,[Speech recognition] engages 'Speech Clarity' (the ability to speak clearly so others can understand you). FRS 2018 scores this pair 0.75.
9,2,high,0.5,[Speech recognition] engages 'Written Comprehension' (the ability to read and understand information and ideas presented in writing). FRS 2018 scores this pair 0.50.
9,16,high,0.5,[Speech recognition] engages 'Flexibility of Closure' (the ability to identify or detect a known pattern that is hidden in other distracting material). FRS 2018 scores this pair 0.50.
9,13,low,0.0,"[Speech recognition] does little for 'Number Facility' (the ability to add, subtract, multiply, or divide quickly and correctly). FRS 2018 scores this pair 0.00."
9,24,low,0.0,"[Speech recognition] does little for 'Finger Dexterity' (the ability to make precisely coordinated movements of the fingers of one or both hands to grasp, manipulate, or assemble very small objects). FRS 2018 scores this pair 0.00."
9,28,low,0.0,[Speech recognition] does little for 'Rate Control' (the ability to time your movements or the movement of equipment in anticipation of changes in speed and/or direction of a moving object or scene). FRS 2018 scores this pair 0.00.
9,32,low,0.0,"[Speech recognition] does little for 'Static Strength' (the ability to exert maximum muscle force to lift, push, pull, or carry objects). FRS 2018 scores this pair 0.00."
9,35,low,0.0,[Speech recognition] does little for 'Trunk Strength' (the ability to use abdominal and lower back muscles to support part of the body repeatedly or continuously without fatiguing). FRS 2018 scores this pair 0.00.
9,39,low,0.0,"[Speech recognition] does little for 'Gross Body Coordination' (the ability to coordinate the movement of your arms, legs, and torso together when the whole body is in motion). FRS 2018 scores this pair 0.00."
9,43,low,0.0,[Speech recognition] does little for 'Peripheral Vision' (the ability to see objects or the movement of objects to one's side when the eyes are looking ahead). FRS 2018 scores this pair 0.00.
9,47,low,0.0,[Speech recognition] does little for 'Glare Sensitivity' (the ability to see objects in the presence of glare or bright lighting). FRS 2018 scores this pair 0.00.
10,5,high,1.0,"[Agentic task execution] engages 'Fluency of Ideas' (the ability to come up with a number of ideas about a topic (the number of ideas matters, not their quality, correctness, or creativity)). FRS 2018 scores this pair 1.00."
10,6,high,1.0,"[Agentic task execution] engages 'Originality' (the ability to come up with unusual or clever ideas about a given topic or situation, or to develop creative ways to solve a problem). FRS 2018 scores this pair 1.00."
10,7,high,1.0,[Agentic task execution] engages 'Problem Sensitivity' (the ability to tell when something is wrong or is likely to go wrong; recognizing a problem without necessarily solving it). FRS 2018 scores this pair 1.00.
10,8,high,1.0,[Agentic task execution] engages 'Deductive Reasoning' (the ability to apply general rules to specific problems to produce answers that make sense). FRS 2018 scores this pair 1.00.
10,9,high,1.0,[Agentic task execution] engages 'Inductive Reasoning' (the ability to combine pieces of information to form general rules or conclusions (including finding relationships among seemingly unrelated events)). FRS 2018 scores this pair 1.00.
10,10,high,1.0,"[Agentic task execution] engages 'Information Ordering' (the ability to arrange things or actions in a certain order or pattern according to a specific rule or set of rules (e.g., numbers, letters, words, pictures)). FRS 2018 scores this pair 1.00."
10,11,high,1.0,[Agentic task execution] engages 'Category Flexibility' (the ability to generate or use different sets of rules for combining or grouping things in different ways). FRS 2018 scores this pair 1.00.
10,12,high,1.0,[Agentic task execution] engages 'Mathematical Reasoning' (the ability to choose the right mathematical methods or formulas to solve a problem). FRS 2018 scores this pair 1.00.
10,18,low,0.0,[Agentic task execution] does little for 'Spatial Orientation' (the ability to know your location in relation to the environment or where other objects are in relation to you). FRS 2018 scores this pair 0.00.
10,25,low,0.0,[Agentic task execution] does little for 'Control Precision' (the ability to quickly and repeatedly adjust the controls of a machine or a vehicle to exact positions). FRS 2018 scores this pair 0.00.
10,28,low,0.0,[Agentic task execution] does little for 'Rate Control' (the ability to time your movements or the movement of equipment in anticipation of changes in speed and/or direction of a moving object or scene). FRS 2018 scores this pair 0.00.
10,32,low,0.0,"[Agentic task execution] does little for 'Static Strength' (the ability to exert maximum muscle force to lift, push, pull, or carry objects). FRS 2018 scores this pair 0.00."
10,36,low,0.0,[Agentic task execution] does little for 'Stamina' (the ability to exert yourself physically over long periods without getting winded or out of breath). FRS 2018 scores this pair 0.00.
10,42,low,0.0,[Agentic task execution] does little for 'Far Vision' (the ability to see details at a distance). FRS 2018 scores this pair 0.00.
10,45,low,0.0,"[Agentic task execution] does little for 'Visual Color Discrimination' (the ability to match or detect differences between colors, including shades and brightness). FRS 2018 scores this pair 0.00."
10,50,low,0.0,[Agentic task execution] does little for 'Sound Localization' (the ability to tell the direction from which a sound originated). FRS 2018 scores this pair 0.00.
11,6,high,1.0,"[Mathematical and scientific reasoning] engages 'Originality' (the ability to come up with unusual or clever ideas about a given topic or situation, or to develop creative ways to solve a problem). FRS 2018 scores this pair 1.00."
11,7,high,1.0,[Mathematical and scientific reasoning] engages 'Problem Sensitivity' (the ability to tell when something is wrong or is likely to go wrong; recognizing a problem without necessarily solving it). FRS 2018 scores this pair 1.00.
11,8,high,1.0,[Mathematical and scientific reasoning] engages 'Deductive Reasoning' (the ability to apply general rules to specific problems to produce answers that make sense). FRS 2018 scores this pair 1.00.
11,10,high,1.0,"[Mathematical and scientific reasoning] engages 'Information Ordering' (the ability to arrange things or actions in a certain order or pattern according to a specific rule or set of rules (e.g., numbers, letters, words, pictures)). FRS 2018 scores this pair 1.00."
11,12,high,1.0,[Mathematical and scientific reasoning] engages 'Mathematical Reasoning' (the ability to choose the right mathematical methods or formulas to solve a problem). FRS 2018 scores this pair 1.00.
11,5,high,0.75,"[Mathematical and scientific reasoning] engages 'Fluency of Ideas' (the ability to come up with a number of ideas about a topic (the number of ideas matters, not their quality, correctness, or creativity)). FRS 2018 scores this pair 0.75."
11,9,high,0.75,[Mathematical and scientific reasoning] engages 'Inductive Reasoning' (the ability to combine pieces of information to form general rules or conclusions (including finding relationships among seemingly unrelated events)). FRS 2018 scores this pair 0.75.
11,15,high,0.75,"[Mathematical and scientific reasoning] engages 'Speed of Closure' (the ability to quickly make sense of, combine, and organize information into meaningful patterns). FRS 2018 scores this pair 0.75."
11,3,low,0.0,[Mathematical and scientific reasoning] does little for 'Oral Expression' (the ability to communicate information and ideas in speaking so others will understand). FRS 2018 scores this pair 0.00.
11,23,low,0.0,"[Mathematical and scientific reasoning] does little for 'Manual Dexterity' (the ability to quickly move your hand, your hand together with your arm, or your two hands to grasp, manipulate, or assemble objects). FRS 2018 scores this pair 0.00."
11,28,low,0.0,[Mathematical and scientific reasoning] does little for 'Rate Control' (the ability to time your movements or the movement of equipment in anticipation of changes in speed and/or direction of a moving object or scene). FRS 2018 scores this pair 0.00.
11,32,low,0.0,"[Mathematical and scientific reasoning] does little for 'Static Strength' (the ability to exert maximum muscle force to lift, push, pull, or carry objects). FRS 2018 scores this pair 0.00."
11,36,low,0.0,[Mathematical and scientific reasoning] does little for 'Stamina' (the ability to exert yourself physically over long periods without getting winded or out of breath). FRS 2018 scores this pair 0.00.
11,40,low,0.0,[Mathematical and scientific reasoning] does little for 'Gross Body Equilibrium' (the ability to keep or regain your body balance or stay upright when in an unstable position). FRS 2018 scores this pair 0.00.
11,45,low,0.0,"[Mathematical and scientific reasoning] does little for 'Visual Color Discrimination' (the ability to match or detect differences between colors, including shades and brightness). FRS 2018 scores this pair 0.00."
11,50,low,0.0,[Mathematical and scientific reasoning] does little for 'Sound Localization' (the ability to tell the direction from which a sound originated). FRS 2018 scores this pair 0.00.
12,5,high,1.0,"[Software engineering] engages 'Fluency of Ideas' (the ability to come up with a number of ideas about a topic (the number of ideas matters, not their quality, correctness, or creativity)). FRS 2018 scores this pair 1.00."
12,10,high,1.0,"[Software engineering] engages 'Information Ordering' (the ability to arrange things or actions in a certain order or pattern according to a specific rule or set of rules (e.g., numbers, letters, words, pictures)). FRS 2018 scores this pair 1.00."
12,12,high,1.0,[Software engineering] engages 'Mathematical Reasoning' (the ability to choose the right mathematical methods or formulas to solve a problem). FRS 2018 scores this pair 1.00.
12,2,high,0.75,[Software engineering] engages 'Written Comprehension' (the ability to read and understand information and ideas presented in writing). FRS 2018 scores this pair 0.75.
12,6,high,0.75,"[Software engineering] engages 'Originality' (the ability to come up with unusual or clever ideas about a given topic or situation, or to develop creative ways to solve a problem). FRS 2018 scores this pair 0.75."
12,7,high,0.75,[Software engineering] engages 'Problem Sensitivity' (the ability to tell when something is wrong or is likely to go wrong; recognizing a problem without necessarily solving it). FRS 2018 scores this pair 0.75.
12,8,high,0.75,[Software engineering] engages 'Deductive Reasoning' (the ability to apply general rules to specific problems to produce answers that make sense). FRS 2018 scores this pair 0.75.
12,11,high,0.75,[Software engineering] engages 'Category Flexibility' (the ability to generate or use different sets of rules for combining or grouping things in different ways). FRS 2018 scores this pair 0.75.
12,17,low,0.0,"[Software engineering] does little for 'Perceptual Speed' (the ability to quickly and accurately compare similarities and differences among sets of letters, numbers, objects, pictures, or patterns). FRS 2018 scores this pair 0.00."
12,25,low,0.0,[Software engineering] does little for 'Control Precision' (the ability to quickly and repeatedly adjust the controls of a machine or a vehicle to exact positions). FRS 2018 scores this pair 0.00.
12,29,low,0.0,"[Software engineering] does little for 'Reaction Time' (the ability to quickly respond with the hand, finger, or foot to a signal (sound, light, picture) when it appears). FRS 2018 scores this pair 0.00."
12,34,low,0.0,"[Software engineering] does little for 'Explosive Strength' (the ability to use short bursts of muscle force to propel oneself (e.g., jumping or sprinting) or to throw an object). FRS 2018 scores this pair 0.00."
12,38,low,0.0,"[Software engineering] does little for 'Dynamic Flexibility' (the ability to quickly and repeatedly bend, stretch, twist, or reach with your body, arms, and/or legs). FRS 2018 scores this pair 0.00."
12,43,low,0.0,[Software engineering] does little for 'Peripheral Vision' (the ability to see objects or the movement of objects to one's side when the eyes are looking ahead). FRS 2018 scores this pair 0.00.
12,47,low,0.0,[Software engineering] does little for 'Glare Sensitivity' (the ability to see objects in the presence of glare or bright lighting). FRS 2018 scores this pair 0.00.
12,52,low,0.0,[Software engineering] does little for 'Speech Clarity' (the ability to speak clearly so others can understand you). FRS 2018 scores this pair 0.00.
