occ_code_onet,aei_usage
11-1011.00,0.1401961307922052
11-1011.03,0.0246498691502778
11-1021.00,0.0386181283354353
11-1031.00,0.023417375692763802
11-2011.00,0.1122596124218905
11-2011.01,0.1157516772181796
11-2021.00,0.0563865756812603
11-2022.00,0.022801128964007
11-2031.00,0.1449206890460086
11-3021.00,0.07605511710741965
11-3031.01,0.0635761208500914
11-3031.02,0.1615593507224459
11-3051.00,0.0017460323981446
11-3051.02,0.0050326816181817
11-3051.04,0.0099626554482373
11-3051.06,0.0032866492200369
11-3061.00,0.0308123364378472
11-3071.01,0.044472472258626196
11-3071.02,0.013660135820779
11-3071.03,0.0354855407975872
11-3111.00,0.03373950839944255
11-3121.00,0.03764240434823645
11-3131.00,0.0357423102679029
11-9013.01,0.0125303501513909
11-9013.02,0.014276382549535801
11-9013.03,0.0140709669732834
11-9021.00,0.029990674132838
11-9031.00,0.073641484086455
11-9032.00,0.4516061443907164
11-9033.00,0.037591050454173505
11-9039.01,0.05618116010500809
11-9039.02,0.3138750005135386
11-9041.00,0.0883286977884956
11-9041.01,0.0062651750756955
11-9051.00,0.0099626554482372
11-9061.00,0.05392158876623265
11-9071.00,0.0090382853551018
11-9081.00,0.0067787140163263
11-9111.00,0.07035483486641811
11-9121.00,0.0318394143191088
11-9121.01,0.0640896597907223
11-9121.02,0.010784317753246401
11-9131.00,0.0155088760070498
11-9141.00,0.0344071090222624
11-9151.00,0.0199253108964746
11-9161.00,0.0053408049825601
11-9199.01,0.0297852585565856
11-9199.02,0.0191036485914652
11-9199.03,0.1126704435743949
11-9199.04,0.0129411813038956
11-9199.07,0.2399253930627045
11-9199.08,0.0300933819209643
11-9199.09,0.001951447974397
11-9199.10,0.0051353894063078005
13-1011.00,0.0940803339235605
13-1021.00,0.005238097194434
13-1022.00,0.0147899214901666
13-1023.00,0.0362558492085335
13-1031.01,0.0016433246100185
13-1031.02,0.012119518998886601
13-1032.00,0.0074976685332095
13-1041.01,0.0031839414319108
13-1041.02,0.0193090641677175
13-1041.03,0.0269094404890533
13-1041.04,0.0215686355064931
13-1041.06,0.0036974803725416004
13-1041.07,0.074360438603338
13-1051.00,0.017665739557699
13-1071.00,0.0794958280096455
13-1075.00,0.0297852585565856
13-1081.00,0.0532026342493495
13-1081.01,0.0978291681901651
13-1081.02,0.0578244847150265
13-1111.00,0.036563972572911996
13-1121.00,0.0526890953087188
13-1131.00,0.1332120011996266
13-1141.00,0.29518218307457783
13-1151.00,0.026806732700927
13-1161.00,0.2899440858801438
13-1199.01,0.004211019313172399
13-1199.02,0.2475257693840403
13-1199.03,0.0479645370549155
13-1199.04,0.1026050803380314
13-1199.05,0.032763784412244
13-1199.06,0.201307264727269
13-2011.01,0.21774051082745471
13-2011.02,0.0884314055766217
13-2021.01,0.020233434260853
13-2021.02,0.0186928174389606
13-2031.00,0.0254715314552868
13-2041.00,0.0088328697788494
13-2051.00,0.2321196011651168
13-2052.00,0.2749487488137245
13-2053.00,0.0143790903376621
13-2061.00,0.053099926461223496
13-2071.00,0.4474978328656701
13-2071.01,0.0942857494998125
13-2072.00,0.0805229058909077
13-2081.00,0.030196089709090303
13-2082.00,0.1182166641332076
13-2099.01,0.2969282154727223
13-2099.02,0.0787768734927628
13-2099.03,0.1526237731554704
13-2099.04,0.0213632199302404
15-1111.00,0.9732076463894099
15-1121.00,1.6096364555131482
15-1121.01,0.1745005320263419
15-1122.00,0.1576564547736522
15-1131.00,7.506501402988385
15-1132.00,3.5744193244018634
15-1133.00,7.007735265883074
15-1134.00,4.4961874869047564
15-1141.00,0.8980768993751252
15-1142.00,3.0038946793257435
15-1143.00,0.1600187339005533
15-1143.01,0.1036321582192931
15-1151.00,0.1229412223870108
15-1152.00,0.2663212946111272
15-1199.01,1.727031457341347
15-1199.02,0.913688483170301
15-1199.03,1.126550374061764
15-1199.04,0.249066386205933
15-1199.05,0.0830906005940615
15-1199.06,0.8914008931469249
15-1199.07,0.5903643661491556
15-1199.08,0.4111392758690099
15-1199.09,0.04858078378367241
15-1199.10,0.3147993706066733
15-1199.11,0.5239124272315319
15-1199.12,0.2515313731209605
15-2011.00,0.06295987412133461
15-2021.00,0.3926518740063017
15-2031.00,0.2399253930627048
15-2041.00,0.9192347037291139
15-2041.01,0.2282167052163225
15-2041.02,0.3105883512935012
15-2091.00,0.1828198628645612
17-1011.00,0.0766200099421135
17-1012.00,0.0537161731899803
17-1021.00,0.0166386616764374
17-1022.00,0.0312231675903519
17-1022.01,0.0020541557625231
17-2011.00,0.0206442654133576
17-2021.00,0.0200280186846007
17-2031.00,0.0258823626077916
17-2041.00,0.0210550965658622
17-2051.00,0.0108870255413727
17-2051.01,0.0376937582422995
17-2061.00,0.6555153397505158
17-2071.00,0.0856582952972153
17-2072.00,0.1103081644474934
17-2072.01,0.016433246100185102
17-2081.00,0.0194117719558436
17-2081.01,0.0205415576252314
17-2111.02,0.0016433246100185
17-2111.03,0.0034920647962892997
17-2112.00,0.0106816099651203
17-2112.01,0.0816526915602953
17-2121.01,0.031428583166604
17-2141.00,0.0334827389291273
17-2141.01,0.0127357657276435
17-2141.02,0.074976685332095
17-2161.00,0.1207843588363616
17-2171.00,0.0058543439231909
17-2199.01,0.07918770464526739
17-2199.02,0.0206442654133577
17-2199.03,0.16648932455250182
17-2199.04,0.0132493046682743
17-2199.05,0.0408776996742105
17-2199.06,0.1092810865662318
17-2199.07,0.14964524729981168
17-2199.08,0.1003455089992559
17-2199.09,0.1247899625732816
17-3011.01,0.0264986093365486
17-3011.02,0.00077030841094615
17-3012.01,0.0064705906519479
17-3012.02,0.02028478815491595
17-3013.00,0.0070868373807047
17-3022.00,0.2621102752979551
17-3023.01,0.15159669527420888
17-3023.03,0.0545378354949895
17-3024.00,0.016946785040815898
17-3024.01,0.0235200834808899
17-3025.00,0.0116059800582556
17-3026.00,0.016946785040815898
17-3027.00,0.010784317753246501
17-3027.01,0.0271148560653054
17-3029.01,0.1279739040051927
17-3029.02,0.0430345632248601
17-3029.03,0.0188982330152128
17-3029.04,0.14882358499480258
17-3029.05,0.01663866167643735
17-3029.06,0.01314659688014795
17-3029.07,0.2285248285807012
17-3029.08,0.0130438890920219
17-3029.09,0.0133520124564004
17-3029.11,0.0393370828523182
17-3029.12,0.0248552847265301
17-3031.02,0.0027731102794062
19-1011.00,0.013762843608905
19-1012.00,0.0842203862634493
19-1013.00,0.139888007427827
19-1020.01,0.11010274887124101
19-1021.00,0.1827171550764347
19-1022.00,0.0722035750526888
19-1023.00,0.045602257928014
19-1029.01,0.39295999737067977
19-1029.02,0.0567974068337651
19-1029.03,0.0761064710014826
19-1031.01,0.017049492828942102
19-1031.03,0.0024649869150277
19-1041.00,0.09269377878385744
19-1042.00,0.05007004671150185
19-2011.00,0.3083287799547259
19-2012.00,0.0788795812808891
19-2021.00,0.1209897744126136
19-2031.00,0.30062569584526433
19-2032.00,0.1609431039936895
19-2041.00,0.0916153470085325
19-2041.01,0.054845958859368
19-2041.02,0.0062651750756956
19-2041.03,0.0601867638419284
19-2042.00,0.0812418604077907
19-2043.00,0.1489262927829289
19-2099.01,0.017973862922077498
19-3011.00,0.1620728896630771
19-3011.01,0.0722035750526886
19-3022.00,0.180868414890164
19-3031.01,0.0463212124448969
19-3031.02,0.3804296472192891
19-3031.03,0.0726144062051934
19-3032.00,0.2520449120615913
19-3039.01,0.0123249345751387
19-3041.00,0.1377311438771776
19-3051.00,0.0470401669617801
19-3091.01,0.3276378441224435
19-3091.02,0.1686461881031511
19-3092.00,0.1019888336092747
19-3093.00,0.4607471375339441
19-3094.00,0.35670414816214663
19-3099.01,0.0582353158675312
19-4011.01,0.0386181283354353
19-4011.02,0.131363261013356
19-4021.00,0.1567320846805169
19-4031.00,0.17747905788200072
19-4041.01,0.0115032722701295
19-4041.02,0.0258823626077916
19-4051.01,0.0164332461001852
19-4051.02,0.0082166230500925
19-4061.00,0.27197022295806594
19-4061.01,0.0764145943658614
19-4091.00,0.0460130890805186
19-4092.00,0.004621850465677
19-4093.00,0.0956209507454531
19-4099.01,0.02084968098961
19-4099.02,0.0100653632363634
19-4099.03,0.0818581071365478
21-1011.00,0.057054176304080405
21-1012.00,0.4411138102065711
21-1013.00,0.10116717130426531
21-1014.00,0.4529926995304196
21-1015.00,0.0023622791269016
21-1021.00,0.0073949607450832
21-1022.00,0.0252661158790347
21-1023.00,0.0289635962515765
21-1091.00,0.0466293358092756
21-1093.00,0.0114005644820033
21-1094.00,0.0122222267870126
21-2011.00,0.9705885977921929
21-2021.00,0.0562838678931344
23-1011.00,0.1159570927944322
23-1012.00,0.061624672875694494
23-1021.00,0.196377290897214
23-1022.00,0.1120541968456381
23-1023.00,0.0360504336322812
23-2011.00,0.051867433003709704
23-2091.00,0.06737630901075961
23-2093.00,0.0567974068337652
25-1011.00,0.030097843063287128
25-1021.00,0.03989984167861612
25-1022.00,0.08361311342187751
25-1031.00,0.02710983201092328
25-1032.00,0.053986370437979596
25-1041.00,0.02826896276263278
25-1042.00,0.3700283496631196
25-1043.00,0.09517600343109194
25-1051.00,0.06000566929361554
25-1052.00,0.029706413279487705
25-1053.00,0.04798885808285508
25-1054.00,0.11587870603424556
25-1061.00,0.08766673885728737
25-1062.00,0.04397194046959323
25-1063.00,0.033892496326793115
25-1064.00,0.037692684487460916
25-1065.00,0.04169828822438111
25-1066.00,0.11020438290452841
25-1067.00,0.04674808780725049
25-1071.00,0.03370419871522849
25-1072.00,0.028128633074094137
25-1081.00,0.05802882653644022
25-1082.00,0.10275983908931517
25-1111.00,0.033892496326793115
25-1112.00,0.08665495434131656
25-1113.00,0.10927223191835315
25-1121.00,0.12426312276017805
25-1122.00,0.03436353549302685
25-1123.00,0.5199571036338357
25-1124.00,0.3711352894629662
25-1125.00,0.09283742963955983
25-1126.00,0.04950408012196901
25-1191.00,0.3268161818174345
25-1192.00,0.034890229125732856
25-1193.00,0.16723609187995675
25-1194.00,0.37888903039739663
25-2011.00,0.03722397385686319
25-2012.00,0.015689337147767105
25-2021.00,0.05475188045214201
25-2022.00,0.06035495710795291
25-2023.00,0.04599481880262366
25-2031.00,0.05387764154130627
25-2032.00,0.040916489278607936
25-2051.00,0.03834195850514045
25-2052.00,0.06011600958788585
25-2053.00,0.03591604649392137
25-2054.00,0.051995521323894414
25-2059.01,0.017871155133951398
25-3011.00,0.2595023015051645
25-3021.00,0.22905172472105062
25-3099.02,2.141868213582899
25-4011.00,0.8836978090374632
25-4012.00,0.1804575837376594
25-4013.00,0.041288530826715
25-4021.00,0.5990945281398793
25-4031.00,0.3057610852515719
25-9011.00,0.07025212707829175
25-9021.00,0.0563865756812605
25-9031.00,0.21465927718366998
25-9031.01,1.45773163687456
25-9041.00,0.06975726228095668
27-1011.00,0.30432317621780586
27-1012.00,0.3499254341458203
27-1013.00,0.49258655185305333
27-1014.00,0.7289171723313432
27-1021.00,0.0279365183703147
27-1022.00,0.0374883426660474
27-1024.00,0.11010274887124111
27-1025.00,0.0220821744471238
27-1026.00,0.0128384735157697
27-1027.00,0.07210086726456269
27-2011.00,1.0429975884211344
27-2012.01,0.07281982178144569
27-2012.02,0.0697385881376609
27-2012.03,0.0083193308382186
27-2012.04,0.0329691999884964
27-2012.05,0.0021568635506493
27-2022.00,0.0192063563795913
27-2023.00,0.0018487401862708
27-2032.00,0.08452850962782779
27-2041.01,0.011503272270129601
27-2041.04,0.1584781170786613
27-2042.01,0.0503268161818171
27-2042.02,0.0245471613621517
27-3011.00,0.0263959015484223
27-3012.00,0.0041083115250463
27-3021.00,0.062035504028199295
27-3022.00,0.2002801868460078
27-3031.00,0.3995332958107544
27-3041.00,0.8381982588975754
27-3042.00,1.3527642774096273
27-3043.04,0.9176940869072214
27-3043.05,0.7328200682801369
27-3091.00,0.8918117242994296
27-4011.00,0.05320263424934945
27-4012.00,0.039131667276066096
27-4013.00,0.011297856693877301
27-4014.00,0.0074976685332094
27-4021.00,0.070457542654544
27-4031.00,0.0035947725844155
27-4032.00,0.060392179418180494
29-1011.00,0.0200280186846006
29-1021.00,0.039131667276066
29-1022.00,0.0015406168218923
29-1023.00,0.003902895948794
29-1024.00,0.0020541557625231
29-1031.00,0.39768455562448357
29-1041.00,0.012016811210760401
29-1051.00,0.1482073382660457
29-1061.00,0.0031839414319108
29-1062.00,0.028458616293289433
29-1063.00,0.028407262399226384
29-1064.00,0.036110346508688246
29-1065.00,0.03602475668524953
29-1066.00,0.0381045893948046
29-1067.00,0.0041083115250463
29-1069.01,0.1067133918630781
29-1069.03,0.0031839414319108
29-1069.04,0.0091409931432279
29-1069.05,0.05089170901651125
29-1069.06,0.051867433003709607
29-1069.07,0.0817553993484215
29-1069.08,0.011503272270129601
29-1069.09,0.0165359538883112
29-1069.10,0.08796922053005385
29-1069.11,0.0023622791269016
29-1069.12,0.0026704024912801
29-1071.00,0.0377964660304261
29-1071.01,0.0042110193131724
29-1122.00,0.0048272660419293
29-1122.01,0.047861829266789405
29-1123.00,0.0492997383005555
29-1124.00,0.0042110193131724
29-1125.00,0.011503272270129601
29-1125.01,0.07446314639146409
29-1125.02,0.0809337370434122
29-1126.00,0.0355368946916505
29-1127.00,0.0138655513970311
29-1128.00,0.11349210587940431
29-1131.00,0.0321475376834874
29-1141.00,0.0024649869150277
29-1141.01,0.044164348894247696
29-1141.02,0.1352661569621498
29-1141.03,0.1127731513625212
29-1141.04,0.06676006228200229
29-1161.00,0.0664519389176237
29-1171.00,0.1521102342148397
29-1181.00,0.0094491165076063
29-1199.01,0.0294771351922071
29-1199.04,0.0719981594764366
29-1199.05,0.0207469732014838
29-2011.00,0.0591596859606669
29-2011.01,0.0253688236671609
29-2011.02,0.0114005644820033
29-2011.03,0.016946785040815898
29-2012.00,0.09952384669424699
29-2021.00,0.0095518242957326
29-2031.00,0.029785258556585703
29-2032.00,0.0016433246100185
29-2033.00,0.044986011199257
29-2034.00,0.0074976685332094
29-2035.00,0.017254908405194502
29-2041.00,0.0023622791269016
29-2051.00,0.0716900361120581
29-2052.00,0.017357616193320602
29-2055.00,0.0016433246100185
29-2056.00,0.007189545168831
29-2061.00,0.0070868373807048
29-2071.00,0.0846312174159537
29-2091.00,0.0017460323981446
29-2092.00,0.0017460323981446
29-2099.01,0.016330538312059002
29-2099.06,0.0039028959487938998
29-9012.00,0.008524746414470999
29-9091.00,0.0168440772526898
29-9092.00,0.09212888594916341
29-9099.01,0.0669654778582547
31-1011.00,0.0076003763213356
31-1013.00,0.0038001881606677
31-1014.00,0.0096545320838587
31-2011.00,0.021774051082745403
31-2012.00,0.0017460323981446
31-9011.00,0.026704024912801
31-9092.00,0.0049299738300555
31-9094.00,0.0818581071365476
31-9095.00,0.0216713432946191
31-9096.00,0.036563972572912204
31-9097.00,0.0048272660419294
31-9099.01,0.0250607003027824
33-1011.00,0.0016433246100185
33-1012.00,0.0022595713387754
33-1021.02,0.0041083115250462
33-2011.02,0.0020541557625231
33-3012.00,0.3358544671725367
33-3021.01,0.0025676947031539
33-3021.02,0.0028758180675324
33-3021.03,0.0116059800582556
33-3021.05,0.037796466030425996
33-3021.06,0.0703548348664178
33-3031.00,0.009140993143228
33-3041.00,0.001951447974397
33-3051.01,0.0617273806638208
33-3052.00,0.0017460323981446
33-9011.00,0.0050326816181817
33-9021.00,0.0092437009313541
33-9032.00,0.0063678828638217
33-9091.00,0.0029785258556585
33-9092.00,0.0020541557625231
33-9093.00,0.0062651750756956
33-9099.02,0.0222875900233761
35-1011.00,0.0221848822352497
35-1012.00,0.0032866492200369
35-2011.00,0.0327637844122442
35-2012.00,0.0036974803725416
35-2013.00,0.0062651750756955
35-2014.00,0.084631217415954
35-2015.00,0.0047245582538032
35-2021.00,0.0222875900233762
35-3011.00,0.0157142915833019
35-3021.00,0.0080112074738403
35-3022.00,0.0047245582538032
35-3022.01,0.0055462205588124
35-3031.00,0.0108870255413725
35-3041.00,0.0067787140163264
35-9031.00,0.2690944048905339
37-1011.00,0.0725116984170673
37-1012.00,0.0700467115020397
37-2012.00,0.0065732984400741
37-2021.00,0.0020541557625231
37-3011.00,0.0022595713387754
37-3013.00,0.0122222267870128
39-1011.00,0.0230065445402594
39-1021.00,0.0198226031083483
39-1021.01,0.15139127969795668
39-2011.00,0.0015406168218923
39-2021.00,0.0034920647962893
39-3031.00,0.015303460430797501
39-3091.00,0.0183846940745822
39-3092.00,0.015816999371428102
39-3093.00,0.015611583795176
39-4021.00,0.0063678828638217
39-4031.00,0.01910364859146535
39-5011.00,0.0088328697788494
39-5012.00,0.0072922529569571
39-5091.00,0.035947725844155
39-5092.00,0.0026704024912801
39-5093.00,0.0063678828638217
39-5094.00,0.0076003763213355995
39-6011.00,0.0200280186846008
39-6012.00,0.049094322724303405
39-7011.00,0.0667600622820026
39-7012.00,0.0476564136905372
39-9011.00,0.024341745785899302
39-9011.01,0.0126330579395173
39-9021.00,0.042212900919850804
39-9031.00,0.013968259185157199
39-9032.00,0.0018487401862708
39-9041.00,0.0403641607335799
41-1011.00,0.038720836123561406
41-1012.00,0.0140709669732836
41-2011.00,0.2548180223409979
41-2021.00,0.1629972597562126
41-2022.00,0.0327637844122443
41-2031.00,0.1205789432601094
41-3011.00,0.0615219650875683
41-3021.00,0.0423156087079769
41-3031.01,0.2762839500593645
41-3031.02,0.0165359538883112
41-3031.03,0.1538562666129841
41-3041.00,0.016946785040815898
41-3099.01,0.0091409931432279
41-4011.00,0.2142484460311653
41-4011.07,0.021363219930240603
41-4012.00,0.11924374201446909
41-9011.00,0.0701494192901656
41-9012.00,0.0036974803725416004
41-9021.00,0.066657354493876
41-9022.00,0.1469748448085315
41-9031.00,0.07446314639146401
41-9041.00,0.0401587451573277
41-9091.00,0.019309064167717598
43-1011.00,0.14317465664786388
43-2011.00,0.2711485606530571
43-2021.00,0.0056489283469385995
43-3011.00,0.0198226031083482
43-3021.02,0.029887966344711702
43-3031.00,0.1132866903031518
43-3041.00,0.0115032722701296
43-3051.00,0.016741369464563602
43-3061.00,0.0087301619907232
43-3071.00,0.0116059800582557
43-4011.00,0.0087301619907233
43-4021.00,0.28737639117698993
43-4031.01,0.0409804074623369
43-4031.02,0.0467320435974016
43-4031.03,0.0277311027940625
43-4041.01,0.0056489283469386
43-4041.02,0.0430345632248601
43-4051.00,0.0654248610363625
43-4051.03,0.0767227177302398
43-4061.00,0.0514566018512049
43-4071.00,0.08103644483153849
43-4081.00,0.015200752642671199
43-4111.00,0.188057960058995
43-4121.00,0.12232497565825405
43-4131.00,0.0236227912690162
43-4141.00,0.0016433246100185
43-4151.00,0.012427642363265
43-4161.00,0.0719981594764365
43-4171.00,0.1587862404430399
43-4181.00,0.1161625083706844
43-5011.00,0.0036974803725416
43-5011.01,0.0465266280211491
43-5021.00,0.0121195189988866
43-5031.00,0.0264986093365486
43-5032.00,0.0029785258556585
43-5051.00,0.0020541557625231
43-5061.00,0.0252661158790348
43-5071.00,0.0063678828638217
43-5081.01,0.0045191426775509
43-5081.03,0.001951447974397
43-5111.00,0.027936518370314897
43-6011.00,0.191241901490906
43-6012.00,0.0180765707102036
43-6013.00,0.0499159850293124
43-6014.00,0.5626332633550931
43-9011.00,0.5051169020044449
43-9021.00,0.010476194388868
43-9022.00,0.38967334815064314
43-9031.00,0.1833334018051917
43-9041.01,0.016946785040815898
43-9041.02,0.0690196336207777
43-9061.00,0.8189919025179837
43-9071.00,0.041391238614841494
43-9081.00,0.0334827389291274
43-9111.00,0.3645099400597346
43-9111.01,1.4651265976196437
45-2011.00,0.024239037997773098
45-2021.00,0.0020541557625231
45-2092.01,0.0618300884519471
45-2092.02,0.0045191426775509
45-2093.00,0.001951447974397
47-1011.00,0.0168440772526897
47-1011.03,0.0101680710244895
47-2031.01,0.0146872137020405
47-2044.00,0.0083193308382188
47-2051.00,0.0138655513970313
47-2081.00,0.018795525227086798
47-2111.00,0.0067787140163264
47-2121.00,0.0048272660419293
47-2141.00,0.004211019313172399
47-2152.01,0.0245471613621517
47-2152.02,0.0185901096508344
47-2181.00,0.0017460323981446
47-2211.00,0.0044164348894247
47-2231.00,0.0187955252270866
47-3011.00,0.0021568635506493
47-4011.00,0.024855284726530102
47-4021.00,0.0023622791269016
47-4041.00,0.0035947725844155
47-4071.00,0.0036974803725416
47-4099.03,0.0051353894063079
47-5013.00,0.0204388498371054
49-1011.00,0.022698421175880702
49-2011.00,0.1488235849948026
49-2022.00,0.010578902176994101
49-2091.00,0.009859947660111
49-2092.00,0.011400564482003401
49-2093.00,0.0539215887662328
49-2094.00,0.0155088760070497
49-2095.00,0.0100653632363634
49-2096.00,0.0078057918975879
49-2097.00,0.0628571663332085
49-2098.00,0.029374427404081
49-3011.00,0.0063678828638217
49-3023.01,0.0077030841094618
49-3023.02,0.0025676947031539
49-3031.00,0.0080112074738403
49-3042.00,0.0058543439231909
49-3052.00,0.0023622791269016
49-9021.01,0.005238097194434
49-9021.02,0.003902895948794
49-9031.00,0.0046218504656771
49-9041.00,0.0207469732014839
49-9044.00,0.0042110193131724
49-9052.00,0.0028758180675324
49-9061.00,0.0055462205588124
49-9062.00,0.0136601358207789
49-9063.00,0.0023622791269016
49-9071.00,0.014995337066418899
49-9091.00,0.0025676947031539
49-9092.00,0.0023622791269016
49-9098.00,0.0016433246100185
49-9099.01,0.0064705906519479
51-1011.00,0.0032866492200369
51-2011.00,0.0020541557625231
51-2022.00,0.0050326816181816
51-2023.00,0.0015406168218923
51-2031.00,0.0076003763213356
51-3011.00,0.0105789021769941
51-3092.00,0.054948666647494294
51-4011.00,0.022287590023376096
51-4012.00,0.8479554987695607
51-4021.00,0.0016433246100185
51-4032.00,0.0015406168218923
51-4041.00,0.0339962778697582
51-4081.00,0.0759010554252307
51-4111.00,0.011708687846382
51-4121.06,0.0020541557625231
51-4191.00,0.0017460323981446
51-4192.00,0.001951447974397
51-5111.00,0.0262931937602962
51-5112.00,0.0055462205588125
51-5113.00,0.0017460323981446
51-6011.00,0.0024649869150277
51-6052.00,0.092334301525416
51-6061.00,0.0038001881606677997
51-6062.00,0.06866015636233665
51-6063.00,0.06866015636233665
51-6093.00,0.0021568635506493
51-7031.00,0.0030812336437847
51-7032.00,0.2419795488252283
51-8012.00,0.0160224149476806
51-8013.00,0.0109897333294989
51-8021.00,0.0017460323981446
51-8091.00,0.0050326816181816
51-8092.00,0.0054435127706863005
51-8093.00,0.044267056682374004
51-8099.02,0.029271719615955
51-8099.03,0.0018487401862708
51-9011.00,0.0039028959487939
51-9021.00,0.0021568635506493
51-9023.00,0.0020541557625231
51-9032.00,0.0049299738300555
51-9061.00,0.167105571281259
51-9071.01,0.0389262516998137
51-9071.07,0.012530350151391199
51-9082.00,0.0023622791269016
51-9083.00,0.0055462205588125
51-9151.00,0.058851562596288404
51-9192.00,0.0024649869150277
51-9194.00,0.0030812336437847
51-9195.05,0.0020541557625231
51-9195.07,0.0168440772526899
51-9198.00,0.0194117719558438
53-1021.00,0.0258823626077917
53-1021.01,0.0096545320838585
53-1031.00,0.0136601358207788
53-2011.00,0.00148926292782925
53-2012.00,0.00148926292782925
53-2021.00,0.008524746414471
53-2022.00,0.0125303501513911
53-2031.00,0.0050326816181817
53-3022.00,0.017665739557699
53-3031.00,0.0096545320838588
53-3032.00,0.0184874018627083
53-3041.00,0.0065732984400739
53-4011.00,0.0036974803725416
53-4013.00,0.0048272660419294
53-4021.00,0.0041083115250463
53-4031.00,0.0023622791269016
53-4041.00,0.0035947725844155
53-5021.01,0.012324934575138901
53-6021.00,0.0045191426775508005
53-6031.00,0.009757239871985
53-6041.00,0.0103734866007418
53-6051.08,0.0028758180675324
53-6061.00,0.0067787140163263
53-7011.00,0.0055462205588125
53-7032.00,0.0062651750756955
53-7062.00,0.0015406168218923
