occ,delta_e_2023,delta_DAIOE_2023,pctl_new_2023
11-1011.00,0.5703472467518029,0.325295981877362,90.77720207253886
11-1011.03,0.5751363605139685,0.3307818331852536,92.84974093264249
11-1021.00,0.4868643157982407,0.23703686199768903,64.66321243523316
11-2011.00,0.5410875141978466,0.2927756980208049,79.27461139896373
11-2021.00,0.5549362812602435,0.3079542762589481,84.87046632124353
11-2022.00,0.5700728345448896,0.324983036686045,90.46632124352331
11-2031.00,0.5732870989795478,0.3286580978563858,92.2279792746114
11-3011.00,0.501219903814712,0.2512213919800292,68.29015544041451
11-3021.00,0.5297353168000588,0.2806195058652587,75.02590673575129
11-3031.01,0.5500781929944625,0.3025860184080531,82.79792746113989
11-3031.02,0.5607552597273205,0.3144464613118547,86.6321243523316
11-3051.00,0.4782101001412421,0.2286848998770968,62.69430051813472
11-3051.01,0.451686353210454,0.204020561676559,57.30569948186528
11-3051.02,0.4486888550107285,0.20132168861083857,56.6839378238342
11-3051.03,0.4503366632063567,0.20280311022783554,57.09844559585492
11-3051.04,0.4480740730831181,0.20077037496929545,56.58031088082902
11-3051.06,0.4422866052622719,0.19561744119442476,54.92227979274612
11-3061.00,0.5570892468475546,0.3103484289531756,85.49222797927462
11-3071.01,0.5596026778902164,0.31315515710190134,86.32124352331606
11-3071.02,0.4350910888450731,0.18930425559239128,53.8860103626943
11-3071.03,0.5607441917067835,0.3144340485328939,86.52849740932642
11-3111.00,0.5803074697152566,0.33675675940732347,94.4041450777202
11-3121.00,0.5703051777463812,0.3252479957643315,90.67357512953367
11-3131.00,0.5692447712634348,0.32403960961076017,90.36269430051813
11-9013.01,0.40232798666858216,0.16186780885679483,47.979274611398964
11-9013.02,0.3454543500148096,0.11933870794415459,38.23834196891192
11-9013.03,0.40129457184697115,0.16103733339384388,47.7720207253886
11-9021.00,0.48908934090369954,0.23920838338561523,65.18134715025907
11-9031.00,0.5386242295493812,0.29011606065766443,78.65284974093264
11-9032.00,0.5500001822400951,0.3025002004641378,82.59067357512953
11-9033.00,0.5886235383464589,0.3464776698955051,95.75129533678756
11-9039.01,0.5706475098099439,0.32563858045229005,90.98445595854922
11-9039.02,0.4155197243975526,0.17265664136341805,50.77720207253886
11-9041.00,0.5317199543356044,0.2827261098386572,75.75129533678756
11-9041.01,0.4746242397943229,0.2252681690003389,61.968911917098445
11-9051.00,0.40259069813890874,0.16207927022797394,48.082901554404145
11-9061.00,0.43380980726471763,0.18819094887905147,53.47150259067357
11-9071.00,0.49524549372520793,0.24526809905512498,66.42487046632124
11-9081.00,0.4666640262030257,0.21777531335201827,60.41450777202073
11-9111.00,0.5659925566095155,0.32034757413737563,89.43005181347151
11-9121.00,0.5902936239423836,0.3484465624670322,96.16580310880829
11-9121.01,0.5608015970684936,0.3144984312745731,86.73575129533678
11-9121.02,0.5279693728801006,0.2787516586994067,74.50777202072538
11-9131.00,0.5102349702642393,0.26033972488054913,69.94818652849742
11-9141.00,0.5535753400379619,0.3064456570981452,84.14507772020725
11-9151.00,0.5335428372655949,0.2846679591974211,76.26943005181347
11-9161.00,0.5300210456905174,0.2809223088748696,75.23316062176166
11-9199.01,0.5852059883763934,0.34246604883159143,95.12953367875647
11-9199.02,0.5779199223017164,0.33399143659322195,94.30051813471502
11-9199.03,0.5568577863534891,0.3100905942225082,85.38860103626943
11-9199.04,0.5630608972879213,0.3170375740546791,87.87564766839378
11-9199.07,0.46116797496706147,0.21267590113522022,59.170984455958546
11-9199.08,0.4828066377885572,0.23310224949269107,63.41968911917098
11-9199.09,0.4453193118510188,0.19830928950746493,55.751295336787564
11-9199.10,0.5361444676982587,0.2874508902434492,77.40932642487047
11-9199.11,0.5464811156516893,0.2986416097639151,81.45077720207254
13-1011.00,0.5571646937072137,0.31043249591385325,85.5958549222798
13-1021.00,0.4864639419310313,0.23664716679907782,64.4559585492228
13-1022.00,0.504634942626145,0.2546564253192927,68.9119170984456
13-1023.00,0.5870201516881906,0.3445926584880262,95.23316062176166
13-1031.01,0.5507764948328304,0.3033547472603389,83.21243523316062
13-1031.02,0.5255158303588915,0.2761668879577952,73.98963730569949
13-1032.00,0.46419584250454193,0.2154777801985015,59.89637305699482
13-1041.01,0.4639850149292372,0.2152820940788845,59.79274611398964
13-1041.02,0.4222601370015685,0.1783036233005834,51.70984455958549
13-1041.03,0.5850868847401112,0.34232666269488815,95.02590673575129
13-1041.04,0.4347459352880808,0.18900402824950815,53.78238341968912
13-1041.06,0.45022874445529076,0.2027059223337875,56.994818652849744
13-1041.07,0.5727603690262109,0.32805444032704123,91.39896373056995
13-1051.00,0.5445445911262461,0.2965288117248505,80.41450777202073
13-1071.00,0.5933630593795152,0.35207972023621803,96.6839378238342
13-1074.00,0.2943957542966813,0.08666886014791195,28.29015544041451
13-1075.00,0.5776526706890038,0.33368260795413873,93.88601036269431
13-1081.00,0.5584695180143437,0.3118882025511734,86.01036269430051
13-1081.01,0.5156586140752335,0.2659038062699906,70.88082901554404
13-1081.02,0.5477796343111134,0.30006252776601716,81.86528497409327
13-1111.00,0.5985898853311503,0.35830985082075967,97.30569948186529
13-1121.00,0.48290423095389584,0.23319649627317357,63.523316062176164
13-1131.00,0.5749427661705344,0.3305591843718258,92.74611398963731
13-1141.00,0.5751929528611763,0.3308469330211594,93.05699481865285
13-1151.00,0.5572700609817662,0.3105499208666215,85.69948186528498
13-1161.00,0.5628866533734962,0.31684138454601446,87.66839378238342
13-1199.01,0.3780632239805513,0.14293180132656852,43.3160621761658
13-1199.02,0.5381155562035655,0.28956835182827273,78.13471502590673
13-1199.03,0.5728212115819675,0.3281241404382332,91.60621761658031
13-1199.04,0.562642957897536,0.31656709807168854,87.46113989637306
13-1199.05,0.5614918169412462,0.3152730604919819,87.04663212435233
13-1199.06,0.5384553964749925,0.28993421399304137,78.44559585492227
13-2011.01,0.5166114617743385,0.2668874024366188,71.39896373056995
13-2011.02,0.5565621006722099,0.30976137190466313,85.28497409326425
13-2021.01,0.48824097577441006,0.23837925042514807,64.87046632124353
13-2021.02,0.48861646687317395,0.23874605169962348,65.07772020725389
13-2031.00,0.5531652741226833,0.3059918204952234,83.83419689119171
13-2041.00,0.5335009388940244,0.28462325180080555,76.16580310880829
13-2051.00,0.5582407233870206,0.311632705247664,85.80310880829016
13-2052.00,0.5663998646818615,0.3208088067116311,89.63730569948187
13-2053.00,0.5588661094034582,0.31233132823975807,86.11398963730569
13-2061.00,0.5683083432615951,0.32297437302073895,90.25906735751295
13-2071.00,0.5764479692396673,0.33229226124053646,93.3678756476684
13-2071.01,0.5550093899562197,0.3080354229395752,84.97409326424871
13-2072.00,0.5678591142266302,0.322463973610253,90.05181347150258
13-2081.00,0.552425365549809,0.30517378450284016,83.73056994818653
13-2082.00,0.529793778771871,0.28068144802537814,75.12953367875647
13-2099.01,0.5510684420059825,0.3036764277749009,83.3160621761658
13-2099.02,0.5533550241127222,0.30620178271079135,83.93782383419689
13-2099.04,0.5730713718140547,0.3284107971928425,91.91709844559585
15-1111.00,0.5280371434846316,0.2788232248994094,74.61139896373057
15-1121.00,0.5366884055824233,0.28803444468660366,77.61658031088083
15-1121.01,0.5462668669816086,0.29840748996190253,81.24352331606218
15-1122.00,0.5444174558918714,0.2963903662797778,80.20725388601036
15-1131.00,0.5319303716744554,0.2829499203097243,75.85492227979275
15-1132.00,0.5262748273323448,0.2769651938836893,74.19689119170984
15-1133.00,0.550044293728886,0.302548725063709,82.69430051813471
15-1134.00,0.5097821766222357,0.2598778676017043,69.84455958549223
15-1141.00,0.5386132016057663,0.29010418094401386,78.54922279792746
15-1142.00,0.4712231354861789,0.22205124341742571,61.13989637305699
15-1143.00,0.5111933578206961,0.26131864907999824,70.15544041450777
15-1143.01,0.4279739179881573,0.183161674478134,52.84974093264249
15-1151.00,0.4441978247418642,0.19731170750540392,55.44041450777202
15-1152.00,0.4917037554805022,0.2417725831536295,65.5958549222798
15-1199.01,0.537368626749448,0.2887650410145875,77.72020725388602
15-1199.02,0.532252401606219,0.28329261901558783,75.95854922279793
15-1199.03,0.5230998987118524,0.2736335040323502,72.84974093264249
15-1199.04,0.5332925760757711,0.2844009716975321,76.06217616580311
15-1199.05,0.48971196127705896,0.23981780501782368,65.38860103626943
15-1199.06,0.5380454372541945,0.2894928925500574,78.03108808290155
15-1199.08,0.5918029634643343,0.35023074756516814,96.47668393782384
15-1199.09,0.5759430140809165,0.33171035546861083,93.26424870466322
15-1199.10,0.5658119757323409,0.3201431918821351,89.32642487046633
15-1199.11,0.5039828785520424,0.2539987418736027,68.80829015544042
15-1199.12,0.5349220782192046,0.2861416297663528,76.99481865284974
15-2011.00,0.5537650597473165,0.306655741396949,84.35233160621762
15-2021.00,0.564593985896431,0.31876636891041926,88.60103626943005
15-2031.00,0.5631777875797432,0.3171692204232144,88.08290155440415
15-2041.00,0.5491175711095164,0.30153010690121484,82.1761658031088
15-2041.01,0.5666740497431352,0.32111947865228524,89.74093264248705
15-2041.02,0.575171656983391,0.33082243499701963,92.95336787564767
15-2091.00,0.4096640090764309,0.16782460033257407,49.4300518134715
17-1011.00,0.49714429007128913,0.24715244515048607,66.94300518134715
17-1012.00,0.5195811961623295,0.26996461940547706,72.2279792746114
17-1021.00,0.46446906837400703,0.21573151547621802,60.20725388601036
17-1022.00,0.3722333310990466,0.13855765278109244,42.17616580310881
17-1022.01,0.42865798271044253,0.18374766614138605,53.056994818652846
17-2011.00,0.5477526675123363,0.30003298476688006,81.76165803108809
17-2021.00,0.5068235821813238,0.2568701434551091,69.22279792746114
17-2031.00,0.5173770841578369,0.26767904721166547,71.50259067357513
17-2041.00,0.5374860513165638,0.28889125535987187,77.92746113989638
17-2051.00,0.521172545581362,0.2716208222677568,72.43523316062176
17-2051.01,0.534873367173149,0.2860895189111423,76.78756476683938
17-2061.00,0.5306065214197111,0.28154328057312633,75.44041450777202
17-2071.00,0.5244337460852788,0.27503075403303867,73.16062176165804
17-2072.00,0.45521667233981145,0.20722221877613126,58.031088082901555
17-2072.01,0.4961600445990094,0.24617478985649102,66.73575129533678
17-2081.00,0.5474474894283955,0.2996987536814532,81.65803108808291
17-2081.01,0.5342701865032564,0.2854446321862244,76.47668393782384
17-2111.01,0.5006651321380913,0.2506655745388524,68.08290155440415
17-2111.02,0.5219307804002278,0.2724117395291908,72.64248704663213
17-2111.03,0.5291885970579113,0.2800405712561204,74.92227979274611
17-2112.00,0.48504572377188393,0.23526935414939074,64.24870466321244
17-2112.01,0.5615847374111169,0.31537741729311314,87.15025906735751
17-2121.01,0.43462461496253557,0.1888985559313323,53.67875647668394
17-2121.02,0.5017467272732936,0.2517497783294609,68.60103626943005
17-2131.00,0.5149863188894219,0.26521090864327734,70.77720207253886
17-2141.00,0.5174776618403346,0.2677831305037397,71.70984455958549
17-2141.01,0.48460875342985393,0.23484564390083695,63.93782383419689
17-2141.02,0.49646184576645597,0.2464743643018363,66.83937823834196
17-2151.00,0.5382588922526965,0.28972263508909996,78.23834196891191
17-2161.00,0.546223371295012,0.29835997134888853,81.139896373057
17-2171.00,0.5444287658779858,0.2964026811154267,80.31088082901555
17-2199.01,0.4931845851323979,0.2432310350122154,66.11398963730569
17-2199.02,0.4999865864969808,0.24998658667690285,67.7720207253886
17-2199.03,0.5414988041015062,0.29322095484336136,79.58549222797927
17-2199.04,0.4685904340088618,0.21957699484461346,60.829015544041454
17-2199.05,0.49497225543794127,0.24499753365332258,66.32124352331606
17-2199.06,0.4920807611320345,0.24214347547628243,65.69948186528498
17-2199.07,0.45325291706458626,0.2054382068275567,57.82383419689119
17-2199.08,0.43867745044821455,0.19243790553174572,54.50777202072539
17-2199.09,0.500512378520181,0.250512641051929,67.97927461139896
17-2199.10,0.49914754880826645,0.24914827548130075,67.46113989637306
17-2199.11,0.4723765599867741,0.22313961442493838,61.347150259067355
17-3011.01,0.43742720491265025,0.1913425595976937,54.30051813471503
17-3011.02,0.4777424851210081,0.22823788208959664,62.590673575129536
17-3012.01,0.46426726266617035,0.21554409118353882,60.10362694300518
17-3012.02,0.499995672242486,0.24999567226121547,67.87564766839378
17-3013.00,0.44565135976025727,0.19860513445616626,55.854922279792746
17-3021.00,0.44514962623609633,0.19815818973813626,55.64766839378238
17-3022.00,0.47759175852606006,0.22809388781201445,62.487046632124354
17-3023.01,0.4322517995033388,0.18684161817387462,53.36787564766839
17-3023.03,0.399620960647743,0.15969691218902496,47.25388601036269
17-3024.00,0.3266518367484923,0.10670142245116367,34.61139896373057
17-3024.01,0.33367253784155537,0.1113373625096242,36.06217616580311
17-3025.00,0.4002653885940204,0.16021238130632215,47.56476683937824
17-3026.00,0.46098386574108363,0.21250612447359343,59.067357512953365
17-3027.00,0.3435333182906716,0.11801514077579986,37.92746113989637
17-3027.01,0.3581129168420453,0.12824486120911768,39.79274611398964
17-3029.01,0.35200301652409444,0.1239061236420619,38.96373056994819
17-3029.02,0.4574227817159224,0.20923560123273238,58.75647668393783
17-3029.03,0.40994760055511265,0.16805703520089418,49.740932642487046
17-3029.04,0.39979667325380924,0.15983737994481312,47.35751295336787
17-3029.05,0.4773775023173481,0.2278892797187497,62.38341968911917
17-3029.06,0.4590218673666969,0.2107010747208095,58.86010362694301
17-3029.07,0.36160279992567135,0.1307565849140851,40.41450777202073
17-3029.08,0.35755486254737906,0.12784547973127514,39.689119170984455
17-3029.09,0.33038690153157957,0.10915550470363765,35.44041450777202
17-3029.11,0.46422579054997415,0.21550558461174846,60.0
17-3029.12,0.3523273792158274,0.12413458214509344,39.067357512953365
17-3031.01,0.30421827623472864,0.09254875959522965,30.362694300518136
17-3031.02,0.4273900452375512,0.18266225076815606,52.64248704663213
19-1011.00,0.5413257552452686,0.29303357329186047,79.37823834196891
19-1012.00,0.4925805140079904,0.24263556278037604,65.90673575129534
19-1013.00,0.505041672249666,0.25506709070873906,69.01554404145078
19-1020.01,0.5114366335249507,0.26156743011133476,70.25906735751295
19-1021.00,0.5260899226073182,0.2767706066689741,74.09326424870466
19-1022.00,0.49923484785653033,0.24923543331433298,67.56476683937824
19-1023.00,0.4493779935661942,0.20194058110157845,56.89119170984456
19-1029.01,0.5458234868612035,0.2979232788093224,80.82901554404145
19-1029.02,0.5281571616125337,0.278949987362608,74.71502590673575
19-1029.03,0.536000838540373,0.2872968989159829,77.30569948186529
19-1031.01,0.4217442865958968,0.17786824327628195,51.50259067357513
19-1031.02,0.41069691696275096,0.16867195760270876,49.94818652849741
19-1031.03,0.41141585622757215,0.16926300675546632,50.05181347150259
19-1032.00,0.3901357265543459,0.15220588513408737,44.97409326424871
19-1041.00,0.5778238349768113,0.3338803842673093,94.09326424870466
19-1042.00,0.561983674612822,0.31582565053133016,87.25388601036269
19-2011.00,0.53559053155611,0.2868572174925565,77.20207253886011
19-2012.00,0.5557842139901182,0.30889609252061356,85.18134715025907
19-2021.00,0.5653485562012533,0.3196189899988417,88.80829015544042
19-2031.00,0.46352383254774754,0.2148543433397523,59.58549222797927
19-2032.00,0.5110294746838593,0.2611511239956612,70.05181347150258
19-2041.00,0.5119233500803488,0.26206551635748737,70.36269430051813
19-2041.01,0.5765884946825305,0.3324542922002665,93.57512953367876
19-2041.02,0.44365542405638503,0.19683013529465082,55.33678756476684
19-2041.03,0.5631032321482082,0.3170852500557589,87.97927461139896
19-2042.00,0.49774008509405765,0.24774519230943975,67.15025906735751
19-2043.00,0.4730263248133895,0.22375390396646228,61.45077720207254
19-2099.01,0.5309851946022135,0.28194527688675053,75.5440414507772
19-3011.00,0.5764585900204688,0.33230450600838696,93.47150259067358
19-3011.01,0.5494524854598687,0.3018980337780272,82.48704663212435
19-3022.00,0.5522529935790693,0.3049833689170436,83.62694300518135
19-3031.01,0.5872518646762026,0.344864752565677,95.33678756476684
19-3031.02,0.6210226525720997,0.3856691350076868,99.58549222797927
19-3031.03,0.6139518217796933,0.37693683946660433,98.860103626943
19-3032.00,0.5835810600173642,0.3405668536109904,94.92227979274611
19-3039.01,0.5883533686222845,0.34615968636918976,95.5440414507772
19-3041.00,0.6202426704772581,0.3847009702807606,99.48186528497409
19-3051.00,0.538752796441736,0.29025457567379065,78.75647668393782
19-3091.01,0.5964150975271965,0.35571096855837525,96.89119170984456
19-3091.02,0.46278566955483436,0.21417057594531633,59.27461139896373
19-3092.00,0.5725470295149819,0.3278101010064296,91.29533678756476
19-3093.00,0.6130807799648227,0.3758680427622753,98.75647668393782
19-3094.00,0.6166741235999896,0.3802869747178153,99.27461139896373
19-3099.01,0.5414496880275214,0.2931677646651002,79.48186528497409
19-4011.01,0.3583376231935331,0.1284058521959905,39.89637305699482
19-4011.02,0.42714791544794395,0.18245534167152389,52.538860103626945
19-4021.00,0.4341885777416476,0.18851972104131476,53.575129533678755
19-4031.00,0.4054252893876108,0.16436966527502797,48.601036269430054
19-4041.01,0.4458463896523891,0.19877900316606997,56.06217616580311
19-4041.02,0.370509231871321,0.13727709090187631,41.76165803108808
19-4051.01,0.3808258455868978,0.14502832466697574,43.73056994818653
19-4051.02,0.4282947809991146,0.18343641943107955,52.95336787564767
19-4061.00,0.5205563828545842,0.2709789477306484,72.33160621761658
19-4061.01,0.5302811807671941,0.2811981306758496,75.33678756476684
19-4091.00,0.39035795892650393,0.15237933609726614,45.07772020725388
19-4092.00,0.4258318060796608,0.18133272706906586,52.2279792746114
19-4093.00,0.298033424588347,0.0888239221718579,29.11917098445596
19-4099.01,0.41421765634513663,0.1715762668280577,50.67357512953368
19-4099.02,0.40996306495944523,0.1680697146309423,49.84455958549223
19-4099.03,0.4790297276176855,0.22946947994147393,62.7979274611399
21-1011.00,0.5504298517094862,0.302973021652927,83.10880829015544
21-1012.00,0.5461031444191033,0.298228644344432,81.03626943005182
21-1013.00,0.5947264394517124,0.3536995377829114,96.78756476683938
21-1014.00,0.6033406605390872,0.364019952659742,97.8238341968912
21-1015.00,0.5084732249916313,0.25854502053339007,69.43005181347151
21-1021.00,0.5249541481064189,0.27557685761413603,73.47150259067358
21-1022.00,0.548385403333767,0.30072655058953823,81.96891191709845
21-1023.00,0.5656503736634393,0.31996034522558847,89.22279792746114
21-1091.00,0.5177899618613391,0.268106444604367,71.81347150259067
21-1092.00,0.5129642069277541,0.26313227758901975,70.46632124352331
21-1093.00,0.46823526059349796,0.21924425926306093,60.51813471502591
21-1094.00,0.4172711116817084,0.17411518064408876,50.984455958549226
21-2011.00,0.5708734090889027,0.32589644920478567,91.0880829015544
21-2021.00,0.5652122962334756,0.31946493981351815,88.70466321243524
23-1011.00,0.5894755775437461,0.3474814565205331,95.95854922279793
23-1012.00,0.5902716445599842,0.34842061437154825,96.06217616580311
23-1021.00,0.5964763731174226,0.3557840636873148,96.99481865284974
23-1022.00,0.6148314194979013,0.37801767440180434,99.06735751295336
23-1023.00,0.6148286681835449,0.3780142912203515,98.96373056994818
23-2011.00,0.5674787984090448,0.3220321866437733,89.94818652849742
23-2091.00,0.4737212235041481,0.22441179759826702,61.55440414507772
23-2093.00,0.5705971032352464,0.3255810542204544,90.88082901554404
25-1011.00,0.59172132552519,0.3501341270812878,96.37305699481865
25-1021.00,0.5494056269315217,0.3018465429040184,82.38341968911917
25-1022.00,0.5630212734068052,0.31699295430862046,87.7720207253886
25-1031.00,0.5655253473008302,0.31981891843972454,89.01554404145078
25-1032.00,0.5613452055992831,0.3151084398493015,86.83937823834196
25-1041.00,0.5627097412856427,0.3166422529377549,87.56476683937824
25-1042.00,0.5825116577519431,0.3393198314169169,94.50777202072538
25-1043.00,0.5834474490016607,0.3404109257465454,94.71502590673575
25-1051.00,0.5778659200675166,0.33392902157547744,94.19689119170984
25-1052.00,0.5729222907999847,0.3282399512955022,91.70984455958549
25-1053.00,0.6023206305688028,0.3627901420088002,97.51295336787565
25-1054.00,0.5735227352464797,0.32892832784460363,92.43523316062176
25-1061.00,0.6027991079957795,0.36336676460050743,97.61658031088083
25-1062.00,0.6105437493898603,0.3727636699190286,98.44559585492227
25-1063.00,0.5682280480583414,0.3228831146001927,90.15544041450777
25-1064.00,0.6020672650200848,0.362484991608765,97.40932642487047
25-1065.00,0.6115815071263517,0.3740319398589398,98.65284974093264
25-1066.00,0.6036403455186604,0.36438166673788774,97.92746113989638
25-1067.00,0.62687682507785,0.3929745538196854,99.79274611398964
25-1071.00,0.5973289489898406,0.3568018733013076,97.09844559585493
25-1072.00,0.517446267686876,0.2677506399430781,71.60621761658031
25-1081.00,0.5975108052146969,0.3570191623483155,97.20207253886011
25-1082.00,0.6076397324394547,0.36922604443909207,98.13471502590673
25-1111.00,0.6153017426304623,0.3785962344840837,99.17098445595855
25-1112.00,0.6330763735318461,0.40078569472423353,99.89637305699482
25-1113.00,0.6110796653966906,0.3734183574613313,98.54922279792746
25-1121.00,0.5462834924558865,0.2984256541298006,81.34715025906736
25-1122.00,0.6056144431342896,0.36676885373285567,98.03108808290155
25-1123.00,0.6333520918319812,0.4011348722279463,100.0
25-1124.00,0.609239770598965,0.37117309807947946,98.23834196891191
25-1125.00,0.6184575291518747,0.38248971536464194,99.37823834196891
25-1126.00,0.6032776867869722,0.3639439673750402,97.72020725388602
25-1191.00,0.5734982079754014,0.3289001945509968,92.33160621761658
25-1192.00,0.5730068661496176,0.32833686865460576,91.81347150259067
25-1193.00,0.5518741893805165,0.30456512090440213,83.41968911917098
25-1194.00,0.47427010563553357,0.22493213309954016,61.76165803108808
25-2011.00,0.4428147394154345,0.19608489344355914,55.129533678756474
25-2012.00,0.5164094114061624,0.26667868018885904,71.29533678756476
25-2021.00,0.5352680460615993,0.28651188113460235,77.09844559585493
25-2022.00,0.5492923146980246,0.3017220469863137,82.27979274611398
25-2023.00,0.45314233087564515,0.20533797203141266,57.72020725388601
25-2031.00,0.5416005251547321,0.2933311288478816,79.68911917098445
25-2032.00,0.45701870233038266,0.20886609427974692,58.54922279792746
25-2052.00,0.5159880525457667,0.26624367036997293,70.98445595854922
25-2053.00,0.5632610106196844,0.3172629660843082,88.29015544041451
25-2054.00,0.527469909494433,0.2782245054220653,74.4041450777202
25-2059.01,0.37432708398809833,0.1401207658070328,42.590673575129536
25-3011.00,0.562221292963532,0.31609278226158566,87.35751295336787
25-3021.00,0.4557912556288689,0.20774566870774092,58.23834196891192
25-3099.02,0.5747936172665455,0.33038770245036003,92.53886010362694
25-4011.00,0.5146300565528297,0.2648440951075687,70.67357512953367
25-4012.00,0.4955941217597105,0.24561353352277876,66.6321243523316
25-4013.00,0.39273276652767775,0.15423902590448343,45.69948186528497
25-4021.00,0.5410529606336065,0.292738306210391,79.17098445595855
25-4031.00,0.3954869065494472,0.15640989325205118,46.01036269430052
25-9011.00,0.40908515300794307,0.16735066241153218,49.32642487046632
25-9021.00,0.5016556796119681,0.2516584208869456,68.49740932642487
25-9031.00,0.5669686027330569,0.3214533964850749,89.84455958549223
25-9031.01,0.5701400466682639,0.3250596728148901,90.56994818652849
25-9041.00,0.482316374050184,0.232629084676917,63.3160621761658
27-1011.00,0.5064513448834512,0.2564929647342565,69.11917098445596
27-1012.00,0.2844481003822205,0.0809107218110538,24.559585492227978
27-1013.00,0.3261378314690968,0.10636588511536499,34.30051813471503
27-1014.00,0.4590584230907286,0.21073463581054638,58.96373056994819
27-1021.00,0.49720788025747287,0.2472156761901295,67.04663212435233
27-1022.00,0.4799059872606647,0.23030975660863326,63.005181347150256
27-1023.00,0.3640049734598131,0.13249962070347923,40.62176165803109
27-1024.00,0.4709041310972596,0.22175070068446504,61.03626943005181
27-1025.00,0.5087014755469437,0.25877719122363774,69.53367875647669
27-1026.00,0.30795533460677915,0.09483648811277332,31.295336787564768
27-1027.00,0.4048546227780161,0.1639072655847297,48.18652849740933
27-2011.00,0.4562121739465379,0.20812954765702615,58.44559585492228
27-2012.01,0.5161336859186384,0.26639398173995965,71.19170984455958
27-2012.02,0.5182935046457973,0.26862815695802306,72.02072538860104
27-2012.03,0.536682863968428,0.28802849647735423,77.51295336787565
27-2012.04,0.5640911589036128,0.318198835553221,88.49740932642487
27-2012.05,0.4931051105933311,0.2431526500932613,66.01036269430051
27-2021.00,0.2267419972402654,0.051411933312504515,9.430051813471502
27-2022.00,0.4436326180018699,0.19680989975519306,55.233160621761655
27-2023.00,0.36955756745860885,0.13657279566592423,41.45077720207254
27-2031.00,0.1765245784102568,0.0311609267829189,1.6580310880829014
27-2032.00,0.30437668144918034,0.0926451642100158,30.466321243523318
27-2041.01,0.48416112582719906,0.23441199576226088,63.83419689119171
27-2041.04,0.5216560668082133,0.2721250520378151,72.53886010362694
27-2042.01,0.4766983988799783,0.22724136349473487,62.17616580310881
27-2042.02,0.37833937278888063,0.14314068100228358,43.41968911917098
27-3011.00,0.5345357495604389,0.2857284675581403,76.58031088082902
27-3012.00,0.4757562694189989,0.22634402789148306,62.07253886010363
27-3021.00,0.5521337575973017,0.3048516862785159,83.52331606217616
27-3022.00,0.5886989755252727,0.34656648378450566,95.85492227979275
27-3031.00,0.5874074782402295,0.34504754549254574,95.44041450777202
27-3041.00,0.572815796300528,0.328117936491408,91.50259067357513
27-3042.00,0.5752555191377626,0.33091891229845677,93.16062176165804
27-3043.04,0.5766299899656844,0.33250214532782524,93.67875647668394
27-3043.05,0.5544943626238267,0.3074639981816038,84.66321243523316
27-3091.00,0.5589365160489513,0.3124100289729396,86.21761658031087
27-4011.00,0.39840717050171587,0.1587282735071833,47.04663212435233
27-4012.00,0.3960222940946786,0.1568336574200121,46.63212435233161
27-4013.00,0.5025202611048514,0.252526612820888,68.70466321243524
27-4014.00,0.44680479699610415,0.19963452661872985,56.26943005181347
27-4021.00,0.36001392368816126,0.1296100252493452,40.310880829015545
27-4031.00,0.3115040340619635,0.0970347632368769,32.33160621761658
27-4032.00,0.4896156353298997,0.23972347035950134,65.28497409326425
29-1011.00,0.42181384459908366,0.1779269194954599,51.60621761658031
29-1021.00,0.3840980100158998,0.14753128129817428,44.248704663212436
29-1022.00,0.3822620176003686,0.1461242500999045,43.93782383419689
29-1023.00,0.40973383064604507,0.16788181197588195,49.637305699481864
29-1024.00,0.37690674751378594,0.1420586963214208,43.10880829015544
29-1031.00,0.5654294790149077,0.31971049573906996,88.9119170984456
29-1041.00,0.4450200167286529,0.19804281528917048,55.5440414507772
29-1051.00,0.48604406626445434,0.23623883435088527,64.35233160621762
29-1061.00,0.44580963683464236,0.19874623229463573,55.95854922279793
29-1062.00,0.5456111328653516,0.29769150830661234,80.72538860103627
29-1063.00,0.545957315318294,0.298069390149559,80.93264248704664
29-1064.00,0.46590894868735877,0.2170711484669599,60.310880829015545
29-1065.00,0.5556310716957913,0.30872588783381355,85.07772020725389
29-1066.00,0.5832092635347083,0.34013304507269676,94.61139896373057
29-1067.00,0.4173726807669021,0.17419995465055035,51.0880829015544
29-1069.01,0.5635857207272992,0.3176288646077093,88.39378238341969
29-1069.02,0.4743024091783096,0.22496277535234865,61.865284974093264
29-1069.03,0.526961385982557,0.2776883023166575,74.30051813471502
29-1069.04,0.5655951112807336,0.3198978299046654,89.11917098445596
29-1069.05,0.48327673132343046,0.23355639903865918,63.626943005181346
29-1069.06,0.43669753150060947,0.1907047340187258,54.196891191709845
29-1069.07,0.531161537543181,0.282132578965236,75.64766839378238
29-1069.08,0.4922021250196629,0.24226293187387185,65.80310880829016
29-1069.09,0.5834871644056215,0.34045727102611284,94.81865284974093
29-1069.10,0.4767332873352516,0.22727462725347558,62.27979274611399
29-1069.11,0.4559405751385016,0.20788180805762763,58.3419689119171
29-1069.12,0.4465888347726631,0.19944158734360498,56.16580310880829
29-1071.00,0.4683166714817002,0.2193205047876987,60.62176165803109
29-1071.01,0.3828243885432937,0.1465545124635467,44.04145077720207
29-1081.00,0.4847547330145956,0.23498715118005187,64.04145077720207
29-1122.00,0.449357543927758,0.20192220228478697,56.78756476683938
29-1122.01,0.45233668919847037,0.20460848039503357,57.409326424870464
29-1123.00,0.4065713845808121,0.1653002907599586,48.704663212435236
29-1124.00,0.358535207883957,0.12854749529239226,40.0
29-1125.00,0.4130158709342537,0.1705821096435801,50.46632124352332
29-1125.01,0.5015805314038524,0.25158302948337097,68.39378238341969
29-1125.02,0.46853127370806386,0.21952155444250065,60.72538860103627
29-1126.00,0.3756269572107628,0.14109561098341622,42.90155440414508
29-1127.00,0.5720177854026964,0.3272043468170053,91.19170984455958
29-1128.00,0.45422487644534804,0.2063202383817917,57.92746113989637
29-1131.00,0.4068492700105192,0.16552632850809235,48.80829015544042
29-1141.00,0.4158944033568599,0.17296815474355848,50.880829015544045
29-1141.01,0.48407774433375234,0.23433126255925368,63.73056994818653
29-1141.02,0.5287776984475552,0.2796058543754936,74.81865284974093
29-1141.03,0.41366006860261284,0.17111465235631837,50.5699481865285
29-1141.04,0.4286755077968842,0.18376269098491652,53.16062176165803
29-1151.00,0.4362977270472528,0.1903557066265991,54.09326424870466
29-1161.00,0.45299126914223065,0.20520108991908884,57.61658031088083
29-1171.00,0.46280496236514557,0.2141884331898038,59.37823834196891
29-1181.00,0.48833881680499003,0.2384747999984976,64.97409326424871
29-1199.01,0.44142293741261873,0.1948542096739847,54.818652849740936
29-1199.04,0.5543499404278963,0.3073038564524122,84.55958549222798
29-1199.05,0.49547130629289254,0.24549181535958534,66.52849740932642
29-2011.00,0.39990951254010254,0.15992761822006243,47.461139896373055
29-2011.01,0.46923507768852657,0.22018155813335757,60.932642487046635
29-2011.02,0.396970145956868,0.1575852967810171,46.943005181347154
29-2011.03,0.34888339359858755,0.12171962232886696,38.652849740932645
29-2012.00,0.36470170271362395,0.13300733196221654,40.72538860103627
29-2021.00,0.33943774795305626,0.11521798473544255,37.30569948186528
29-2031.00,0.3879874149179259,0.15053423413469477,44.66321243523316
29-2032.00,0.37301188535489715,0.13913786661601493,42.38341968911917
29-2033.00,0.39924815703348415,0.1593990908946336,47.15025906735751
29-2034.00,0.34798958058771723,0.12109674819761534,38.44559585492228
29-2035.00,0.3875369382985558,0.15018487854581863,44.55958549222798
29-2041.00,0.320631354783646,0.10280446567039628,33.575129533678755
29-2051.00,0.37797061844379787,0.14286178840678704,43.21243523316062
29-2052.00,0.3921758246182127,0.15380187741497514,45.49222797927461
29-2053.00,0.39694048923424086,0.1575617519935185,46.83937823834197
29-2054.00,0.39597154775624926,0.1567934666324796,46.52849740932643
29-2055.00,0.3365085288559924,0.11323798999282428,36.78756476683938
29-2056.00,0.37048376853436726,0.1372582227474266,41.6580310880829
29-2057.00,0.3963637174120588,0.1571041964807064,46.73575129533679
29-2061.00,0.3691595860903669,0.13627880000241102,41.24352331606217
29-2071.00,0.457042379838859,0.20888773696876786,58.652849740932645
29-2081.00,0.3920721808571232,0.15372059500206073,45.38860103626943
29-2091.00,0.43531634003917674,0.18950031590510416,53.98963730569948
29-2092.00,0.45061220579841277,0.2030513600145111,57.2020725388601
29-2099.01,0.4276788569581942,0.18290920468906752,52.74611398963731
29-2099.05,0.39327902596207315,0.154668392261677,45.90673575129534
29-2099.06,0.34191965882985653,0.11690905309432549,37.72020725388601
29-2099.07,0.3185487021743374,0.1014732756569547,33.16062176165803
29-9011.00,0.4790680217198646,0.22950616943458468,62.90155440414508
29-9012.00,0.42609388570311746,0.18155599943358133,52.43523316062176
29-9091.00,0.4015726360760487,0.16126058204506666,47.87564766839378
29-9092.00,0.588479558372677,0.3463081906225009,95.64766839378238
29-9099.01,0.4470783852369524,0.19987908254608083,56.373056994818654
31-1011.00,0.338330649399159,0.11446762832285666,37.09844559585492
31-1013.00,0.35931752353296936,0.129109082717866,40.10362694300518
31-1014.00,0.2978396102622144,0.08870843344114776,29.015544041450777
31-1015.00,0.20659543448168202,0.04268167354867497,5.803108808290156
31-2011.00,0.38458166257536797,0.1479030551892342,44.35233160621762
31-2012.00,0.332943658413721,0.11085147967791252,35.95854922279793
31-2021.00,0.3619843084774531,0.13103263958389993,40.51813471502591
31-2022.00,0.2881709631823546,0.08304250402144596,26.010362694300518
31-9011.00,0.27048125624277486,0.07316010997866963,21.55440414507772
31-9091.00,0.34193649444119495,0.11692056623073334,37.82383419689119
31-9092.00,0.4258497536493129,0.18134801268318046,52.33160621761658
31-9093.00,0.2830781624726337,0.0801332460688828,23.93782383419689
31-9094.00,0.5468928740423983,0.2990918156783545,81.55440414507773
31-9095.00,0.3569253548766814,0.12739570895384497,39.58549222797927
31-9096.00,0.290740746545086,0.08453018170159395,26.94300518134715
31-9097.00,0.3548615909346452,0.12592674872066748,39.48186528497409
31-9099.01,0.5348815306413106,0.2860982518211913,76.89119170984456
31-9099.02,0.322290574587115,0.10387121446769275,33.78238341968912
33-1011.00,0.3545611638342159,0.12571361889947366,39.27461139896373
33-1012.00,0.3817408519532993,0.1457260780500308,43.83419689119171
33-1021.01,0.3337131158038197,0.11136444365949356,36.16580310880829
33-1021.02,0.33610171580730813,0.11296436336861652,36.58031088082902
33-2011.01,0.24617543204720327,0.06060234334362719,15.233160621761659
33-2011.02,0.2530064409925834,0.06401225918373359,16.683937823834196
33-2021.01,0.41166853619247956,0.16947098369085886,50.15544041450777
33-2021.02,0.3799508916686881,0.14436268007983116,43.523316062176164
33-2022.00,0.39247841365867275,0.15403930518802825,45.59585492227979
33-3011.00,0.3088254128861528,0.09537313564430275,31.60621761658031
33-3012.00,0.3051648138078182,0.09312556358636034,30.673575129533678
33-3021.01,0.3955500538241923,0.1564598450803214,46.21761658031088
33-3021.02,0.38342220066562804,0.14701258396327313,44.145077720207254
33-3021.03,0.41284971472969617,0.17044488695239152,50.362694300518136
33-3021.05,0.39137095791516735,0.1531712266994357,45.284974093264246
33-3021.06,0.5777804525248658,0.3338302513198387,93.98963730569949
33-3031.00,0.33081028445469274,0.10943544430099472,35.5440414507772
33-3041.00,0.2696803570779282,0.07272749499367887,21.34715025906736
33-3051.01,0.3090837071106991,0.09553273800129243,31.70984455958549
33-3051.03,0.329288575011552,0.10843096563313852,35.233160621761655
33-3052.00,0.29991824475750467,0.08995095353842247,29.533678756476682
33-9011.00,0.3514004871198796,0.12348230234808866,38.86010362694301
33-9021.00,0.48717006512735317,0.23733467235618952,64.76683937823834
33-9031.00,0.44755352892329164,0.20030416125169165,56.476683937823836
33-9032.00,0.311293304768287,0.09690352159356161,32.2279792746114
33-9091.00,0.2725493269669119,0.07428313563011667,21.865284974093264
33-9092.00,0.3344721030302497,0.11187158770547798,36.373056994818654
33-9093.00,0.3359703298388345,0.11287606253201525,36.476683937823836
33-9099.02,0.3880637223000353,0.1505934525653589,44.766839378238345
35-1011.00,0.3722785426407019,0.13859131331068492,42.27979274611399
35-1012.00,0.37162835828448637,0.13810763668122256,42.07253886010363
35-2011.00,0.2745081914894172,0.07535474719479053,22.27979274611399
35-2012.00,0.3026796081791947,0.09161494520751083,30.155440414507773
35-2013.00,0.29910858766392795,0.08946594721430967,29.430051813471504
35-2014.00,0.28652604118563224,0.08209717227751062,25.59585492227979
35-2015.00,0.30686525072772486,0.09416628210418944,31.191709844559586
35-2021.00,0.21348358936875933,0.04557524292976905,6.839378238341969
35-3011.00,0.33662982334451147,0.113319637964957,36.89119170984456
35-3021.00,0.29556629068267654,0.08735943218791645,28.704663212435232
35-3022.00,0.3658497865351556,0.13384606630781892,41.03626943005181
35-3022.01,0.3061704918589734,0.09374037008516568,31.088082901554404
35-3031.00,0.277754032793029,0.07714730273279104,22.487046632124354
35-3041.00,0.2632493953948269,0.0693002441757419,19.689119170984455
35-9011.00,0.15589089712910997,0.024301971807718748,0.5181347150259067
35-9021.00,0.14815985496553796,0.021951342623409243,0.31088082901554404
35-9031.00,0.3486247047801317,0.12153918478303398,38.54922279792746
37-1011.00,0.3186568825809598,0.1015422088162156,33.26424870466321
37-1012.00,0.3288815506010847,0.10816307432577384,34.92227979274612
37-2011.00,0.18789385892369007,0.03530410222123555,3.4196891191709846
37-2012.00,0.1792203029717672,0.032119916997292025,2.0725388601036268
37-2021.00,0.29515927066680836,0.08711899506056224,28.497409326424872
37-3011.00,0.15770576468000186,0.02487110821330412,0.7253886010362695
37-3012.00,0.25420017073260875,0.06461772680048744,17.202072538860104
37-3013.00,0.20902696503164092,0.04369227211033884,6.010362694300518
39-1011.00,0.5185118619055159,0.2688545509367248,72.12435233160622
39-1012.00,0.3743706554280154,0.14015338764560184,42.69430051813472
39-1021.00,0.46364514078060626,0.2149668165694682,59.689119170984455
39-1021.01,0.49142404832222253,0.2414975952694021,65.49222797927462
39-2011.00,0.2911151923882165,0.08474805523922829,27.253886010362695
39-2021.00,0.28458126106703874,0.08098649415050606,24.66321243523316
39-3011.00,0.38859629193683515,0.15100707810705802,44.870466321243526
39-3012.00,0.4082206931736917,0.16664413433520933,49.119170984455955
39-3021.00,0.2839271751847905,0.08061464080841471,24.352331606217618
39-3031.00,0.32661855466365564,0.1066796802505754,34.50777202072539
39-3091.00,0.2885319053635667,0.08325066041273022,26.21761658031088
39-3092.00,0.34722189763664435,0.12056304619839232,38.3419689119171
39-3093.00,0.322436093777143,0.10396503457026256,33.8860103626943
39-4011.00,0.28821970242306094,0.0830705968648378,26.1139896373057
39-4021.00,0.28729668076171216,0.08253938277669715,25.699481865284973
39-4031.00,0.3687065522261518,0.135944521654496,41.13989637305699
39-5011.00,0.30508595894330665,0.09307744234435698,30.569948186528496
39-5012.00,0.31820486737385895,0.10125433762041516,33.056994818652846
39-5091.00,0.33637405528575004,0.11314750506938083,36.6839378238342
39-5092.00,0.31347385393367944,0.09826585710003378,32.538860103626945
39-5093.00,0.23809684158515426,0.056690105972826046,13.367875647668393
39-5094.00,0.36946533504121326,0.13650463379711597,41.347150259067355
39-6011.00,0.23163004658893777,0.05365247848279348,11.813471502590673
39-6012.00,0.5178312736546519,0.26814922797479895,71.91709844559585
39-7011.00,0.4391930304918838,0.19289051803264476,54.61139896373057
39-7012.00,0.46304493015383275,0.21441060734116785,59.48186528497409
39-9011.00,0.4069088230752991,0.16557479029652505,48.9119170984456
39-9011.01,0.3546917478491353,0.12580623599227458,39.37823834196891
39-9021.00,0.3217548275407767,0.10352616904579497,33.67875647668394
39-9031.00,0.21583982834461596,0.04658683149983328,7.253886010362694
39-9032.00,0.4053252652207301,0.16428857062625518,48.49740932642487
39-9041.00,0.4935072109780616,0.243549367287345,66.21761658031087
41-1011.00,0.3706064240631791,0.13734912155689696,41.865284974093264
41-1012.00,0.5546970798908178,0.30768885043940036,84.76683937823834
41-2011.00,0.3318914916678871,0.11015196224153519,35.751295336787564
41-2012.00,0.3447267743490558,0.11883654895310483,38.031088082901555
41-2021.00,0.38713222071131315,0.14987135631287288,44.4559585492228
41-2022.00,0.39581047654013213,0.15666593333892648,46.32124352331606
41-2031.00,0.42318377071793223,0.17908450379904745,52.020725388601036
41-3011.00,0.5251599144863095,0.2757929357832679,73.57512953367876
41-3021.00,0.5632509043040365,0.31725158119931485,88.18652849740933
41-3031.01,0.5748608155755275,0.33046495728416064,92.64248704663213
41-3031.02,0.5540397238942637,0.306960015652832,84.4559585492228
41-3031.03,0.5449618714248369,0.29698344130686044,80.51813471502591
41-3041.00,0.5337208825916444,0.28485798051440386,76.37305699481865
41-3099.01,0.5502680195757598,0.3027948933678287,83.00518134715026
41-4011.00,0.5441347991710437,0.29608267966891205,80.0
41-4011.07,0.48485927475830637,0.23508851631915081,64.14507772020725
41-4012.00,0.5254658765229268,0.2761143873900077,73.88601036269431
41-9011.00,0.4253744271660686,0.180943403286861,52.12435233160622
41-9012.00,0.21610081717871338,0.046699563185307706,7.357512953367876
41-9021.00,0.5501032540159351,0.3026135900789204,82.90155440414507
41-9022.00,0.45545806175560377,0.20744204601817137,58.134715025906736
41-9031.00,0.534863428710356,0.28607888737179804,76.6839378238342
41-9041.00,0.6099652381961934,0.37205759180773895,98.34196891191709
41-9091.00,0.5921658010557712,0.3506603359400232,96.58031088082902
43-1011.00,0.5418063915587338,0.29355416593389594,79.89637305699482
43-2011.00,0.5137318763266607,0.2639204407541114,70.56994818652849
43-2021.00,0.538272457669414,0.2897372386854711,78.34196891191709
43-3011.00,0.5402460713138342,0.2918658175700324,79.06735751295336
43-3021.01,0.5095282889522245,0.25961907724258154,69.63730569948187
43-3021.02,0.4998373111482966,0.24983733761595908,67.66839378238342
43-3031.00,0.48119334872384223,0.23154703885606523,63.21243523316062
43-3041.00,0.4208983134648763,0.17715539027757723,51.398963730569946
43-3051.00,0.516067857398572,0.2663260334399528,71.0880829015544
43-3061.00,0.5915913973928352,0.3499803814692074,96.26943005181347
43-3071.00,0.4224131540378725,0.1784328727042234,51.81347150259067
43-4011.00,0.5097489831426029,0.2598440258149176,69.74093264248705
43-4021.00,0.5417548881598472,0.2934983588450885,79.79274611398964
43-4031.01,0.5613570902283074,0.315121782749592,86.94300518134715
43-4031.02,0.5661396386688963,0.3205140904721484,89.53367875647669
43-4031.03,0.5247407750223405,0.2753528809710466,73.26424870466322
43-4041.01,0.5605037279937636,0.3141644290949069,86.42487046632124
43-4041.02,0.6268672261482091,0.3929625192187499,99.68911917098445
43-4051.00,0.5388737785690314,0.2903849492292655,78.860103626943
43-4051.03,0.5224437969099197,0.2729475209296534,72.74611398963731
43-4061.00,0.5732467170470997,0.3286117986052776,92.02072538860104
43-4071.00,0.4302993601491515,0.18515753934476917,53.26424870466321
43-4081.00,0.4717540930214249,0.22255192428246723,61.24352331606217
43-4111.00,0.5584056332468438,0.3118168512418086,85.90673575129534
43-4121.00,0.4084333779498351,0.16681782422351282,49.22279792746114
43-4131.00,0.5535781896892086,0.3064488120995814,84.24870466321244
43-4141.00,0.5253731732441396,0.2760169711646167,73.67875647668394
43-4151.00,0.48650388073790685,0.2366860259730435,64.55958549222798
43-4161.00,0.5771466468769689,0.33309825200132864,93.78238341968913
43-4171.00,0.5009892469785355,0.25099022558812006,68.18652849740933
43-4181.00,0.44244803884523376,0.1957602670779935,55.02590673575129
43-5011.00,0.545247979951536,0.29729535964123055,80.62176165803109
43-5011.01,0.5443471472622967,0.29631381673260054,80.10362694300518
43-5021.00,0.2477089880685635,0.061359742769951736,15.44041450777202
43-5031.00,0.4981840243161464,0.24818732208383074,67.25388601036269
43-5032.00,0.5248085683555583,0.27542403341941074,73.3678756476684
43-5041.00,0.23184306510763358,0.05375120683850242,12.124352331606218
43-5051.00,0.3390387014849774,0.11494724110461961,37.2020725388601
43-5052.00,0.23163593954622574,0.05365520848946275,11.917098445595855
43-5053.00,0.23285847299822632,0.054223068447065696,12.2279792746114
43-5061.00,0.4808173249982116,0.23118530001843585,63.10880829015544
43-5071.00,0.2789770931405223,0.07782821849713567,23.212435233160623
43-5081.01,0.28962465493072365,0.08388244074374074,26.632124352331605
43-5081.02,0.2912540285549918,0.08482890914951197,27.357512953367877
43-5081.03,0.22007639444476143,0.04843361939180622,7.979274611398964
43-5081.04,0.28479223115928676,0.08110661492868462,24.76683937823834
43-5111.00,0.3748677929144518,0.14052586216455235,42.7979274611399
43-6011.00,0.5254028443548588,0.276048148856176,73.78238341968913
43-6012.00,0.5240823694410519,0.27466232995894724,73.05699481865285
43-6013.00,0.5374596367976687,0.288862861186682,77.8238341968912
43-6014.00,0.5535586411758904,0.3064271692204982,84.04145077720207
43-9011.00,0.42284086332293624,0.17879439569568606,51.917098445595855
43-9021.00,0.39550223664734363,0.1564220191930514,46.1139896373057
43-9022.00,0.40531070546950526,0.16427676796818805,48.39378238341969
43-9031.00,0.40971232326242646,0.16786418783309504,49.53367875647668
43-9041.01,0.5389178916478193,0.29043249393813075,78.96373056994818
43-9041.02,0.5072413130503287,0.25729374966502155,69.32642487046633
43-9051.00,0.2740791738502207,0.0751193935384195,22.072538860103627
43-9061.00,0.47400901893738834,0.22468455003398538,61.6580310880829
43-9071.00,0.3007536753783051,0.09045277325355892,29.740932642487046
43-9081.00,0.573270962454232,0.3286395963932015,92.12435233160622
43-9111.00,0.5235459866384964,0.27410040012527664,72.95336787564767
43-9111.01,0.5490987112830685,0.30150939473272664,82.07253886010362
45-1011.05,0.2970941793804805,0.08826495142176112,28.808290155440414
45-1011.06,0.3647653237319143,0.13305374139724824,40.829015544041454
45-1011.07,0.3057540028428719,0.09348551025443892,30.77720207253886
45-1011.08,0.3453833159827924,0.11928963495926943,38.134715025906736
45-2011.00,0.41211677599615204,0.16984023705746257,50.259067357512954
45-2021.00,0.25875214737448426,0.06695267377090683,18.3419689119171
45-2041.00,0.17623159966780091,0.03105757672147205,1.5544041450777202
45-2091.00,0.22571594501090603,0.050947687832166355,9.119170984455959
45-2092.01,0.18321628581372257,0.033568207387375676,2.7979274611398965
45-2092.02,0.1872982373029093,0.03508062969677692,3.2124352331606216
45-2093.00,0.2533869856046245,0.0642049644737982,16.787564766839377
45-3011.00,0.20646867723869958,0.0426293146806983,5.699481865284974
45-3021.00,0.21694993258318596,0.04706727324784893,7.564766839378239
45-4011.00,0.2587803632982895,0.06696727642879471,18.44559585492228
45-4021.00,0.18166403674568535,0.033001822246737714,2.5906735751295336
45-4022.00,0.2121753987019903,0.04501839981434854,6.528497409326425
45-4023.00,0.30599920297772487,0.09363551222300287,30.984455958549223
47-1011.00,0.353570992375039,0.12501244664906988,39.170984455958546
47-1011.03,0.35981712361720186,0.12946836244815674,40.20725388601036
47-2011.00,0.2542545271454279,0.06464536457394514,17.305699481865286
47-2021.00,0.18587019241213307,0.03454772842732337,3.1088082901554404
47-2022.00,0.1997535549653463,0.039901482721293624,4.766839378238342
47-2031.01,0.2269953824500648,0.05152690365365118,9.637305699481866
47-2031.02,0.24895365951011922,0.06197792458348037,15.647668393782384
47-2041.00,0.2025866932535405,0.041041368283404114,5.284974093264249
47-2042.00,0.23077684522163588,0.05325795229045088,11.709844559585493
47-2043.00,0.16556261608772252,0.027410979845810597,0.9326424870466321
47-2044.00,0.23967004054385804,0.057441728334294555,13.575129533678757
47-2051.00,0.18203189875703962,0.03313561216509312,2.694300518134715
47-2053.00,0.17832318815685597,0.031799159434425454,1.8652849740932642
47-2061.00,0.20209939172713906,0.0408441641364796,5.181347150259067
47-2071.00,0.2074706650832733,0.04304407687009576,5.9067357512953365
47-2072.00,0.18937972382080503,0.03586467979444439,3.626943005181347
47-2073.00,0.228777152033576,0.05233898529259394,10.569948186528498
47-2081.00,0.1973255832827436,0.03893738581787498,4.5595854922279795
47-2082.00,0.17340839779971767,0.03007047242746513,1.450777202072539
47-2111.00,0.2901083961500056,0.08416288151672859,26.83937823834197
47-2121.00,0.20934801673145867,0.0438265921093951,6.1139896373057
47-2131.00,0.19511047079984667,0.03806809581573782,4.1450777202072535
47-2132.00,0.2437645025168702,0.05942113268729722,14.404145077720207
47-2141.00,0.18765493472681777,0.03521437452732624,3.316062176165803
47-2142.00,0.17047272900947893,0.02906095133593924,1.2435233160621761
47-2151.00,0.2281957928175951,0.052073319859650795,10.155440414507773
47-2152.01,0.25641563702233916,0.06574897890957199,17.616580310880828
47-2152.02,0.2665367619042399,0.07104184544639748,20.414507772020727
47-2161.00,0.18578861734631943,0.034517410335457105,3.005181347150259
47-2171.00,0.1687974493291294,0.02849257890002001,1.0362694300518134
47-2181.00,0.19263823178553702,0.03710948834545828,4.041450777202073
47-2211.00,0.24225784740003548,0.05868886462689887,14.093264248704664
47-2221.00,0.19786563494494258,0.03915080949216528,4.66321243523316
47-2231.00,0.2600625416530498,0.06763252557104427,18.65284974093264
47-3011.00,0.16286195038278994,0.026524014882486333,0.8290155440414507
47-3012.00,0.20151718200571947,0.040609174643526265,5.077720207253886
47-3013.00,0.19566049559946014,0.03828302953822636,4.455958549222798
47-3014.00,0.15489345193448895,0.023991981452181836,0.41450777202072536
47-3015.00,0.17941434125937442,0.03218950584953526,2.1761658031088085
47-3016.00,0.17713525501234825,0.031376898568289645,1.761658031088083
47-4011.00,0.4175674706103088,0.1743625925118911,51.19170984455958
47-4021.00,0.28179010758740436,0.07940566473412092,23.523316062176164
47-4031.00,0.1689183491159919,0.028533408668072125,1.1398963730569949
47-4041.00,0.309435861342595,0.09575055228483367,31.813471502590673
47-4051.00,0.2249533228396217,0.05060399745658706,8.808290155440414
47-4061.00,0.21496100499031912,0.046208233666448,7.046632124352332
47-4071.00,0.2290751994517486,0.052475447003858394,10.984455958549223
47-4091.00,0.2609194204957673,0.06807894399184702,18.860103626943005
47-4099.02,0.2855590086892367,0.08154394744357958,25.181347150259068
47-4099.03,0.27308832716719994,0.07457723443497963,21.968911917098445
47-5011.00,0.22699272017550343,0.0515256950126744,9.533678756476684
47-5012.00,0.28886520727067316,0.08344310797152897,26.424870466321245
47-5013.00,0.2541680964029555,0.06460142122910209,17.098445595854923
47-5021.00,0.2649555542154543,0.07020144570961855,19.89637305699482
47-5031.00,0.28920094619619446,0.08363718728077417,26.528497409326423
47-5041.00,0.2228467789333618,0.04966068688097462,8.49740932642487
47-5042.00,0.22076990603465,0.048739351410548186,8.290155440414507
47-5051.00,0.17953485521254917,0.032232764236190994,2.2797927461139897
47-5061.00,0.19027301565786586,0.036203820487538466,3.7305699481865284
47-5071.00,0.19515359449749087,0.0380849254452911,4.248704663212435
47-5081.00,0.2205918729546453,0.04866077441363837,8.082901554404145
49-1011.00,0.3912829396676317,0.15310233887494354,45.181347150259064
49-2011.00,0.32900020644249417,0.10824113583920378,35.02590673575129
49-2021.00,0.26812412361530114,0.07189054566447328,20.932642487046632
49-2021.01,0.33255723627480815,0.11059431539873858,35.854922279792746
49-2022.00,0.2897821040565721,0.08397366783145399,26.735751295336787
49-2091.00,0.3768424275475846,0.14201021519995657,43.005181347150256
49-2092.00,0.28158284760014657,0.07928890006260737,23.419689119170986
49-2093.00,0.2943749889947491,0.08665663414565866,28.186528497409327
49-2094.00,0.3233856108489022,0.10457825330411762,34.09326424870466
49-2095.00,0.31040601385499883,0.09635189343734972,32.020725388601036
49-2096.00,0.2910562179260397,0.0847137219934103,27.04663212435233
49-2097.00,0.2934561175679722,0.08611649293806752,27.979274611398964
49-2098.00,0.3006791621075093,0.09040795852567385,29.637305699481864
49-3011.00,0.3141199830077628,0.09867136372479718,32.64248704663213
49-3021.00,0.23823098608322404,0.056754002730185285,13.471502590673575
49-3022.00,0.20472147942401886,0.04191088413755898,5.595854922279793
49-3023.01,0.2669605784333921,0.0712679504374913,20.518134715025905
49-3023.02,0.2834022671346056,0.08031684501703434,24.145077720207254
49-3031.00,0.25699073616574153,0.06604423847500977,17.82383419689119
49-3041.00,0.24308646194183817,0.05909102797940074,14.300518134715025
49-3042.00,0.2493549583812788,0.062177895269329285,16.06217616580311
49-3043.00,0.21752960650101635,0.04731912970448702,7.668393782383419
49-3051.00,0.26855603064770406,0.07212234159725056,21.139896373056995
49-3052.00,0.3026045039587494,0.09156948581612077,30.05181347150259
49-3053.00,0.26226761321003533,0.0687843009388887,19.378238341968913
49-3091.00,0.2824907521662531,0.07980102505945542,23.626943005181346
49-3092.00,0.2858810169877418,0.08172795587394553,25.28497409326425
49-3093.00,0.17968323430279892,0.03228606468951453,2.383419689119171
49-9011.00,0.2299973489350711,0.05289878051716085,11.191709844559586
49-9012.00,0.2946577285452947,0.08682317699147259,28.39378238341969
49-9021.01,0.27871191923802496,0.07768033392534335,23.00518134715026
49-9021.02,0.29307709166228435,0.08589418165722303,27.875647668393782
49-9031.00,0.2942200444457568,0.0865654345536631,28.082901554404145
49-9041.00,0.24585250680648554,0.06044345510303302,15.129533678756477
49-9043.00,0.25804002862837705,0.06658465637453365,18.031088082901555
49-9044.00,0.25727192495231666,0.06618884336867045,17.927461139896373
49-9045.00,0.2333963622703336,0.05447386192102481,12.33160621761658
49-9051.00,0.2609560357609096,0.06809805260004913,18.963730569948186
49-9052.00,0.25166523156104387,0.06333538877667383,16.580310880829014
49-9061.00,0.33955476202134405,0.11529743641137159,37.409326424870464
49-9062.00,0.34055052416929665,0.1159746595119827,37.61658031088083
49-9063.00,0.32966305162338055,0.10867772760563968,35.33678756476684
49-9064.00,0.2989403321217481,0.08936532216906105,29.326424870466322
49-9071.00,0.2657046295579579,0.07059895016853165,20.207253886010363
49-9081.00,0.27823291309662207,0.07741355393023244,22.590673575129532
49-9091.00,0.2614698681664604,0.06836649195898618,19.17098445595855
49-9092.00,0.2704170711298062,0.07312539235842265,21.45077720207254
49-9093.00,0.19099594047750107,0.036479449278885134,3.937823834196891
49-9094.00,0.27443637162053114,0.07531532206824226,22.17616580310881
49-9095.00,0.2300208061369549,0.052909571255894586,11.295336787564766
49-9096.00,0.22642926609147387,0.05127021254272348,9.32642487046632
49-9097.00,0.26188002374252195,0.06858114683538385,19.27461139896373
49-9098.00,0.2239875351763081,0.050170415914357856,8.601036269430052
49-9099.01,0.30174622275764873,0.09105078294850857,29.94818652849741
51-1011.00,0.40089703846706204,0.160718435451661,47.66839378238342
51-2011.00,0.2787143741908257,0.0776817023805836,23.10880829015544
51-2021.00,0.2446153119296054,0.05983665083041815,14.818652849740932
51-2022.00,0.28868624825003497,0.08333974992868082,26.321243523316063
51-2023.00,0.2980697779358296,0.08884559251871478,29.22279792746114
51-2031.00,0.2539226229065861,0.06447669842376033,16.99481865284974
51-2041.00,0.23595616789316703,0.05567531316682843,12.746113989637307
51-2091.00,0.23985714493413585,0.05753144997595505,13.678756476683938
51-2092.00,0.25855656297607066,0.0668514962579988,18.238341968911918
51-2093.00,0.28500321521589805,0.0812268326833995,24.974093264248705
51-3011.00,0.31970744194927037,0.10221284843774608,33.47150259067357
51-3021.00,0.25149104103229536,0.06324774371950767,16.476683937823836
51-3022.00,0.22469359756328877,0.05048721278593317,8.704663212435234
51-3023.00,0.14396150229811144,0.020724914143929147,0.20725388601036268
51-3091.00,0.28498191170087817,0.08121468999668711,24.870466321243523
51-3092.00,0.31800689822766265,0.10112838732037899,32.95336787564767
51-3093.00,0.2841780405156028,0.0807571587112876,24.4559585492228
51-4011.00,0.28547326630448694,0.08149498577455251,25.077720207253886
51-4012.00,0.3650166252665268,0.13323713672096404,40.932642487046635
51-4021.00,0.22109314170900313,0.048882177310757335,8.393782383419689
51-4022.00,0.26848887941158384,0.07208627836768801,21.036269430051814
51-4023.00,0.24433638110138572,0.0597002671297216,14.715025906735752
51-4031.00,0.2370274188772209,0.05618199729959753,13.05699481865285
51-4032.00,0.2670096439100315,0.07129414994096182,20.621761658031087
51-4033.00,0.24384155418692943,0.05945870354829724,14.507772020725389
51-4034.00,0.2274279045515668,0.05172345176871658,9.844559585492227
51-4035.00,0.27059009289968583,0.07321899837546061,21.6580310880829
51-4041.00,0.2711679024217403,0.07353203130380648,21.761658031088082
51-4051.00,0.2138137168775604,0.04571630552499756,6.94300518134715
51-4052.00,0.2405163235982714,0.05784810191722841,13.782383419689118
51-4061.00,0.28270925479462955,0.07992452274653478,23.730569948186528
51-4062.00,0.2914951475175672,0.08496942102628828,27.46113989637306
51-4071.00,0.17857816406944757,0.031890160682414535,1.9689119170984455
51-4072.00,0.24997687324729384,0.06248843715849361,16.16580310880829
51-4081.00,0.28109004276416333,0.07901161214115916,23.316062176165804
51-4111.00,0.3079601020604598,0.09483942446108883,31.39896373056995
51-4121.06,0.22747649115414387,0.051745554027801295,9.94818652849741
51-4121.07,0.190432291999362,0.036264457836130276,3.8341968911917097
51-4122.00,0.24915919635764713,0.06208030512958856,15.751295336787564
51-4191.00,0.24399468448882217,0.05953340605879988,14.61139896373057
51-4192.00,0.2880594564062059,0.08297825042503883,25.906735751295336
51-4193.00,0.2774682714076685,0.07698864163795958,22.383419689119172
51-4194.00,0.25903876790602043,0.06710108327826912,18.54922279792746
51-5111.00,0.37998785472806473,0.14439076974083684,43.626943005181346
51-5112.00,0.2863687257304697,0.08200704707649296,25.492227979274613
51-5113.00,0.26793996940677794,0.0717918272057051,20.82901554404145
51-6011.00,0.23034849114263278,0.05306042737168758,11.50259067357513
51-6021.00,0.13218680296854168,0.017473350879044062,0.10362694300518134
51-6031.00,0.21311662227738823,0.04541869469092297,6.7357512953367875
51-6041.00,0.21277723374466023,0.045274151200029776,6.632124352331606
51-6042.00,0.23376191353880976,0.05464463222132597,12.435233160621761
51-6051.00,0.2491905317443705,0.062095921111042125,15.854922279792746
51-6052.00,0.28769818418792026,0.08277024518502649,25.803108808290155
51-6061.00,0.26635434902167654,0.07094463924276108,20.310880829015545
51-6062.00,0.22786325998773949,0.05192166525224016,10.05181347150259
51-6063.00,0.22001942674817582,0.048408548146595905,7.875647668393782
51-6064.00,0.22894330237832197,0.05241503570389177,10.880829015544041
51-6091.00,0.2627941444898999,0.06906076237817839,19.481865284974095
51-6092.00,0.3696139087187269,0.13661444151833538,41.55440414507772
51-6093.00,0.22890707239585964,0.052398447792843326,10.77720207253886
51-7011.00,0.2369337123041537,0.05613758402622747,12.953367875647668
51-7021.00,0.24741560836731585,0.061214483263769014,15.336787564766839
51-7031.00,0.29546206481650256,0.08729783174563116,28.60103626943005
51-7032.00,0.23622988891017693,0.05580456041451454,12.849740932642487
51-7041.00,0.2167160821990329,0.04696586028369799,7.461139896373057
51-7042.00,0.24257711589747383,0.05884365715713645,14.196891191709845
51-8011.00,0.45284290764801793,0.2050666990071113,57.512953367875646
51-8012.00,0.4393448318355606,0.19302388126061704,54.715025906735754
51-8013.00,0.3399430702374494,0.11556129100246346,37.512953367875646
51-8021.00,0.31117817623727245,0.096831857366355,32.12435233160622
51-8031.00,0.2972285303880563,0.08834479927664371,28.911917098445596
51-8091.00,0.32912183354933044,0.10832118131887318,35.129533678756474
51-8092.00,0.32612976389308285,0.10636062289695797,34.196891191709845
51-8093.00,0.3265307536128852,0.10662233305499874,34.40414507772021
51-8099.01,0.29299557725878855,0.08584640829321073,27.7720207253886
51-8099.03,0.2786075209905765,0.07762215075251452,22.901554404145077
51-8099.04,0.308393266571673,0.09510640686674696,31.502590673575128
51-9011.00,0.3149288500322844,0.09918018058265707,32.74611398963731
51-9012.00,0.2547052703165796,0.06487477472704188,17.409326424870468
51-9021.00,0.2491961592100478,0.0620987257650395,15.958549222797927
51-9022.00,0.22836333134998796,0.05214981110526439,10.259067357512953
51-9023.00,0.2639696713908286,0.06967998741418203,19.792746113989637
51-9031.00,0.2359053963515121,0.05565135602776401,12.642487046632125
51-9032.00,0.24551038149109783,0.06027534741990439,15.025906735751295
51-9041.00,0.25077085630047313,0.06288602236967254,16.269430051813472
51-9051.00,0.26544655787613614,0.0704618750882889,20.10362694300518
51-9061.00,0.37141167966979594,0.1379466357951391,41.968911917098445
51-9071.01,0.30170935455433084,0.09102853462559092,29.844559585492227
51-9071.06,0.3103004014480555,0.0962863391388244,31.917098445595855
51-9071.07,0.3156018340909023,0.09960451768154142,32.84974093264249
51-9081.00,0.3275407752091054,0.10728295942458171,34.818652849740936
51-9082.00,0.3271884720082351,0.10705229621508364,34.715025906735754
51-9083.00,0.2609655548999358,0.0681030208442314,19.067357512953368
51-9111.00,0.253807375967119,0.0644181840953145,16.89119170984456
51-9121.00,0.230114659702805,0.05295275661013775,11.398963730569948
51-9122.00,0.1887660463950695,0.03563262027162553,3.523316062176166
51-9123.00,0.19536904217560144,0.038169062640611935,4.352331606217617
51-9141.00,0.29198150495268654,0.08525319923443572,27.66839378238342
51-9151.00,0.3317007245473041,0.1100253706652065,35.64766839378238
51-9191.00,0.22863471991051448,0.052273835148559405,10.362694300518134
51-9192.00,0.2317087848703971,0.05368896098611596,12.020725388601036
51-9193.00,0.2565738610344903,0.06583014616614595,17.72020725388601
51-9194.00,0.28309857033847247,0.08014480052768705,24.041450777202073
51-9195.03,0.2250980976442185,0.05066915356304613,8.911917098445596
51-9195.04,0.2481086587235707,0.061557906533609284,15.544041450777202
51-9195.05,0.23726982688906315,0.05629697075196599,13.160621761658032
51-9195.07,0.22566896094746414,0.05092647993510809,9.015544041450777
51-9196.00,0.26702109247834566,0.07130026382832923,20.72538860103627
51-9197.00,0.20088741299056012,0.040355752698039864,4.870466321243524
51-9198.00,0.2036315319828353,0.04146580081767647,5.492227979274611
51-9199.01,0.21190357764544376,0.04490312621893861,6.321243523316062
53-1011.00,0.30589651600907997,0.09357267850649331,30.88082901554404
53-1021.00,0.39581287753824734,0.1566678340251076,46.424870466321245
53-1021.01,0.4197419169805306,0.17618327687049062,51.295336787564764
53-1031.00,0.4051312231544334,0.16413130797460732,48.29015544041451
53-2011.00,0.3035111716349452,0.09211903130721714,30.259067357512954
53-2012.00,0.3225279438472697,0.10402427456234754,33.98963730569948
53-2021.00,0.49858933848589304,0.24859132845180043,67.35751295336787
53-2022.00,0.4376162154691728,0.19150795204156146,54.40414507772021
53-2031.00,0.33758308661290426,0.11396234036709561,36.994818652849744
53-3011.00,0.2830115007492261,0.0800955095563292,23.83419689119171
53-3021.00,0.22875444756897273,0.0523285972825859,10.466321243523316
53-3022.00,0.26025943093795023,0.06773497139214568,18.756476683937823
53-3031.00,0.26290707292625787,0.06912012899465267,19.585492227979273
53-3032.00,0.20360198738586427,0.041453769267473635,5.38860103626943
53-3033.00,0.21195851554033507,0.04492641231006246,6.424870466321243
53-3041.00,0.24129637625718098,0.05822394119484705,13.989637305699482
53-4011.00,0.2784841620769516,0.07755342852770185,22.694300518134714
53-4012.00,0.2514338207574743,0.06321896622070171,16.373056994818654
53-4013.00,0.25834236501536056,0.06674077756172979,18.134715025906736
53-4021.00,0.22881722659938675,0.052357323188635105,10.67357512953368
53-4031.00,0.31932815303971185,0.10197046932375363,33.36787564766839
53-4041.00,0.25577125124447,0.06541893296316179,17.512953367875646
53-5011.00,0.23761650680163976,0.056461604304613715,13.264248704663212
53-5021.01,0.3128375215600363,0.09786731489582617,32.43523316062176
53-5021.02,0.2862403013237861,0.08193351010193185,25.38860103626943
53-5021.03,0.29173304103292597,0.08510816723031886,27.564766839378237
53-5022.00,0.2447502066193453,0.05990266364021221,14.922279792746114
53-5031.00,0.33396243245170965,0.11153090628906273,36.26943005181347
53-6011.00,0.2651603938185433,0.07031003445000497,20.0
53-6021.00,0.2262790391647721,0.05120220356533246,9.22279792746114
53-6031.00,0.2304693969515702,0.05311614293122044,11.606217616580311
53-6041.00,0.40771909741984425,0.16623486240085245,49.015544041450774
53-6051.01,0.39274279057113215,0.15424689954560017,45.803108808290155
53-6051.07,0.2911071314762534,0.08474336199633267,27.150259067357513
53-6051.08,0.37371595011374037,0.13966361136941569,42.487046632124354
53-6061.00,0.3505235166695677,0.12286673573840072,38.75647668393783
53-7011.00,0.27856450363305196,0.07759818268432862,22.797927461139896
53-7021.00,0.21517707822571752,0.04630117499375656,7.150259067357513
53-7031.00,0.2207102283033348,0.04871300487771017,8.186528497409327
53-7032.00,0.2182186441279288,0.04761937664503163,7.772020725388601
53-7033.00,0.21080998366948706,0.0444408492147294,6.217616580310881
53-7041.00,0.23472007309085124,0.05509351271177455,12.538860103626943
53-7051.00,0.18454505600910218,0.03405687769740266,2.901554404145078
53-7061.00,0.12757132504893204,0.016274442974740275,0.0
53-7062.00,0.1803729178530441,0.032534389494820994,2.4870466321243523
53-7063.00,0.2405259335221301,0.05785272469669214,13.8860103626943
53-7064.00,0.17119232544817303,0.029306812292353192,1.3471502590673574
53-7071.00,0.2838033306859683,0.08054433050844907,24.248704663212436
53-7072.00,0.26967420308250556,0.07272417580818445,21.243523316062177
53-7073.00,0.22941971852002793,0.052633407245808846,11.088082901554404
53-7081.00,0.20103275987860744,0.040414170544409836,4.974093264248705
53-7111.00,0.1574369844052777,0.024786404058627653,0.6217616580310881
53-7121.00,0.22724800204876616,0.05164165443515603,9.740932642487047
