occ,delta_e_2023,delta_DAIOE_2023,DAIOE_2023,pctl_2023
11-1011.00,0.5703472467518029,0.325295981877362,2.5144446573488355,92.33160621761658
11-1011.03,0.5751363605139685,0.3307818331852536,2.547365346115562,93.98963730569949
11-1021.00,0.4868643157982407,0.23703686199768903,2.0041267195292214,53.67875647668394
11-2011.00,0.5410875141978466,0.2927756980208049,2.4775341591293967,88.80829015544042
11-2021.00,0.5549362812602435,0.3079542762589481,2.5538870987045357,94.4041450777202
11-2022.00,0.5700728345448896,0.324983036686045,2.4031703322462254,82.69430051813471
11-2031.00,0.5732870989795478,0.3286580978563858,2.493007256261479,90.67357512953367
11-3011.00,0.501219903814712,0.2512213919800292,2.1581688738102613,64.35233160621762
11-3021.00,0.5297353168000588,0.2806195058652587,2.441210569270665,86.32124352331606
11-3031.01,0.5500781929944625,0.3025860184080531,2.38953271697189,81.96891191709845
11-3031.02,0.5607552597273205,0.3144464613118547,2.35236214640553,79.17098445595855
11-3051.00,0.4782101001412421,0.2286848998770968,2.1699095140645124,64.66321243523316
11-3051.01,0.451686353210454,0.204020561676559,2.126377684059309,62.590673575129536
11-3051.02,0.4486888550107285,0.20132168861083857,2.088398252649798,59.58549222797927
11-3051.03,0.4503366632063567,0.20280311022783554,2.059486708298444,57.512953367875646
11-3051.04,0.4480740730831181,0.20077037496929545,2.0400766330719198,55.95854922279793
11-3051.06,0.4422866052622719,0.19561744119442476,2.128539094925089,62.69430051813472
11-3061.00,0.5570892468475546,0.3103484289531756,2.451823940180044,86.83937823834196
11-3071.01,0.5596026778902164,0.31315515710190134,2.410142775319581,83.41968911917098
11-3071.02,0.4350910888450731,0.18930425559239128,1.8028670825318154,44.35233160621762
11-3071.03,0.5607441917067835,0.3144340485328939,2.438416008671817,86.11398963730569
11-3111.00,0.5803074697152566,0.33675675940732347,2.2725445409403293,71.0880829015544
11-3121.00,0.5703051777463812,0.3252479957643315,2.478329090609648,88.9119170984456
11-3131.00,0.5692447712634348,0.32403960961076017,2.4550985746437872,87.35751295336787
11-9013.01,0.40232798666858216,0.16186780885679483,1.802686149406191,44.248704663212436
11-9013.02,0.3454543500148096,0.11933870794415459,1.6231810732032437,35.129533678756474
11-9013.03,0.40129457184697115,0.16103733339384388,1.8295064802952752,45.69948186528497
11-9021.00,0.48908934090369954,0.23920838338561523,2.366241301831619,79.79274611398964
11-9031.00,0.5386242295493812,0.29011606065766443,2.2856494972618395,72.53886010362694
11-9032.00,0.5500001822400951,0.3025002004641378,2.2937667363650385,73.16062176165804
11-9033.00,0.5886235383464589,0.3464776698955051,2.562194823406467,95.33678756476684
11-9039.01,0.5706475098099439,0.32563858045229005,2.407293790304571,83.00518134715026
11-9039.02,0.4155197243975526,0.17265664136341805,1.565962743881777,32.020725388601036
11-9041.00,0.5317199543356044,0.2827261098386572,2.5207977707188194,92.95336787564767
11-9041.01,0.4746242397943229,0.2252681690003389,2.2362776864958365,68.08290155440415
11-9051.00,0.40259069813890874,0.16207927022797394,1.6893830275629624,38.44559585492228
11-9061.00,0.43380980726471763,0.18819094887905147,1.8684191591397372,47.66839378238342
11-9071.00,0.49524549372520793,0.24526809905512498,2.1309808218262565,63.10880829015544
11-9081.00,0.4666640262030257,0.21777531335201827,2.0195014052580733,54.30051813471503
11-9111.00,0.5659925566095155,0.32034757413737563,2.3250807538674945,75.95854922279793
11-9121.00,0.5902936239423836,0.3484465624670322,2.3701275829234296,80.10362694300518
11-9121.01,0.5608015970684936,0.3144984312745731,2.457938965467167,87.56476683937824
11-9121.02,0.5279693728801006,0.2787516586994067,2.522953922418255,93.16062176165804
11-9131.00,0.5102349702642393,0.26033972488054913,2.140991075035564,63.523316062176164
11-9141.00,0.5535753400379619,0.3064456570981452,2.3033436487584913,74.30051813471502
11-9151.00,0.5335428372655949,0.2846679591974211,2.193729680621413,65.69948186528498
11-9161.00,0.5300210456905174,0.2809223088748696,2.4738285933843946,88.60103626943005
11-9199.01,0.5852059883763934,0.34246604883159143,2.5570807596435148,94.71502590673575
11-9199.02,0.5779199223017164,0.33399143659322195,2.4196426310297405,83.83419689119171
11-9199.03,0.5568577863534891,0.3100905942225082,2.496438339734906,91.0880829015544
11-9199.04,0.5630608972879213,0.3170375740546791,2.5676358644563737,95.75129533678756
11-9199.07,0.46116797496706147,0.21267590113522022,1.9823216682541744,52.538860103626945
11-9199.08,0.4828066377885572,0.23310224949269107,2.116318801114952,61.45077720207254
11-9199.09,0.4453193118510188,0.19830928950746493,1.9066746471118268,49.740932642487046
11-9199.10,0.5361444676982587,0.2874508902434492,2.3124165210440544,75.12953367875647
11-9199.11,0.5464811156516893,0.2986416097639151,2.42909409328534,85.69948186528498
13-1011.00,0.5571646937072137,0.31043249591385325,2.1976560727282815,66.01036269430051
13-1021.00,0.4864639419310313,0.23664716679907782,2.053997440443623,56.78756476683938
13-1022.00,0.504634942626145,0.2546564253192927,2.1766724247572062,65.18134715025907
13-1023.00,0.5870201516881906,0.3445926584880262,2.420380125465532,84.14507772020725
13-1031.01,0.5507764948328304,0.3033547472603389,2.4441509792768277,86.52849740932642
13-1031.02,0.5255158303588915,0.2761668879577952,2.3817822931913613,81.34715025906736
13-1032.00,0.46419584250454193,0.2154777801985015,1.9950984129989422,52.95336787564767
13-1041.01,0.4639850149292372,0.2152820940788845,2.1529862080587394,64.24870466321244
13-1041.02,0.4222601370015685,0.1783036233005834,1.7664350565758797,43.21243523316062
13-1041.03,0.5850868847401112,0.34232666269488815,2.4540636254121586,87.04663212435233
13-1041.04,0.4347459352880808,0.18900402824950815,2.066427120710219,58.134715025906736
13-1041.06,0.45022874445529076,0.2027059223337875,2.0577977850201905,56.994818652849744
13-1041.07,0.5727603690262109,0.32805444032704123,2.555870653784412,94.61139896373057
13-1051.00,0.5445445911262461,0.2965288117248505,2.350629512850288,78.75647668393782
13-1071.00,0.5933630593795152,0.35207972023621803,2.4802284539866624,89.32642487046633
13-1074.00,0.2943957542966813,0.08666886014791195,1.3719889316928287,18.44559585492228
13-1075.00,0.5776526706890038,0.33368260795413873,2.484534895937407,89.74093264248705
13-1081.00,0.5584695180143437,0.3118882025511734,2.496306483674218,90.98445595854922
13-1081.01,0.5156586140752335,0.2659038062699906,2.3658275491998273,79.68911917098445
13-1081.02,0.5477796343111134,0.30006252776601716,2.568869015417402,96.06217616580311
13-1111.00,0.5985898853311503,0.35830985082075967,2.516751548109754,92.64248704663213
13-1121.00,0.48290423095389584,0.23319649627317357,2.0357325984501125,55.129533678756474
13-1131.00,0.5749427661705344,0.3305591843718258,2.35247409729974,79.27461139896373
13-1141.00,0.5751929528611763,0.3308469330211594,2.4915041093347186,90.25906735751295
13-1151.00,0.5572700609817662,0.3105499208666215,2.348233779095696,78.34196891191709
13-1161.00,0.5628866533734962,0.31684138454601446,2.4848026456203796,89.84455958549223
13-1199.01,0.3780632239805513,0.14293180132656852,1.6958404059264491,38.86010362694301
13-1199.02,0.5381155562035655,0.28956835182827273,2.557291254288365,94.81865284974093
13-1199.03,0.5728212115819675,0.3281241404382332,2.5732983393290327,96.47668393782384
13-1199.04,0.562642957897536,0.31656709807168854,2.688452209614198,100.0
13-1199.05,0.5614918169412462,0.3152730604919819,2.512062483196157,91.91709844559585
13-1199.06,0.5384553964749925,0.28993421399304137,2.3391727444964,77.30569948186529
13-2011.01,0.5166114617743385,0.2668874024366188,2.244425976575109,68.29015544041451
13-2011.02,0.5565621006722099,0.30976137190466313,2.4020425144972317,82.59067357512953
13-2021.01,0.48824097577441006,0.23837925042514807,2.151658050404893,64.04145077720207
13-2021.02,0.48861646687317395,0.23874605169962348,2.2760730988709974,71.50259067357513
13-2031.00,0.5531652741226833,0.3059918204952234,2.3116490960069074,74.81865284974093
13-2041.00,0.5335009388940244,0.28462325180080555,2.2903617764478486,72.74611398963731
13-2051.00,0.5582407233870206,0.311632705247664,2.3160489623410405,75.44041450777202
13-2052.00,0.5663998646818615,0.3208088067116311,2.2936090246657015,73.05699481865285
13-2053.00,0.5588661094034582,0.31233132823975807,2.4408092121378635,86.21761658031087
13-2061.00,0.5683083432615951,0.32297437302073895,2.478467195738445,89.01554404145078
13-2071.00,0.5764479692396673,0.33229226124053646,2.4678109423649364,88.29015544041451
13-2071.01,0.5550093899562197,0.3080354229395752,2.3313884561941416,76.78756476683938
13-2072.00,0.5678591142266302,0.322463973610253,2.087505910963715,59.48186528497409
13-2081.00,0.552425365549809,0.30517378450284016,2.3494137927877223,78.54922279792746
13-2082.00,0.529793778771871,0.28068144802537814,2.2514292771361317,68.80829015544042
13-2099.01,0.5510684420059825,0.3036764277749009,2.3029979372647413,74.19689119170984
13-2099.02,0.5533550241127222,0.30620178271079135,2.3890457105521175,81.76165803108809
13-2099.04,0.5730713718140547,0.3284107971928425,2.5036899052905524,91.50259067357513
15-1111.00,0.5280371434846316,0.2788232248994094,2.5660231906922832,95.5440414507772
15-1121.00,0.5366884055824233,0.28803444468660366,2.5654707270733534,95.44041450777202
15-1121.01,0.5462668669816086,0.29840748996190253,2.5762774867354974,96.6839378238342
15-1122.00,0.5444174558918714,0.2963903662797778,2.613194103446739,98.34196891191709
15-1131.00,0.5319303716744554,0.2829499203097243,2.507314059655713,91.60621761658031
15-1132.00,0.5262748273323448,0.2769651938836893,2.5874933319245774,97.40932642487047
15-1133.00,0.550044293728886,0.302548725063709,2.487485798486696,90.15544041450777
15-1134.00,0.5097821766222357,0.2598778676017043,2.6011989070724555,98.03108808290155
15-1141.00,0.5386132016057663,0.29010418094401386,2.604547157944422,98.13471502590673
15-1142.00,0.4712231354861789,0.22205124341742571,2.3953312208178987,82.27979274611398
15-1143.00,0.5111933578206961,0.26131864907999824,2.5776130282596323,96.78756476683938
15-1143.01,0.4279739179881573,0.183161674478134,1.9574407168432784,51.398963730569946
15-1151.00,0.4441978247418642,0.19731170750540392,2.043124811319922,56.373056994818654
15-1152.00,0.4917037554805022,0.2417725831536295,2.3728027683716815,80.31088082901555
15-1199.01,0.537368626749448,0.2887650410145875,2.5680007194315797,95.85492227979275
15-1199.02,0.532252401606219,0.28329261901558783,2.528145189697521,93.47150259067358
15-1199.03,0.5230998987118524,0.2736335040323502,2.5329630063691355,93.78238341968913
15-1199.04,0.5332925760757711,0.2844009716975321,2.4985446134487574,91.19170984455958
15-1199.05,0.48971196127705896,0.23981780501782368,2.4920079561790227,90.46632124352331
15-1199.06,0.5380454372541945,0.2894928925500574,2.517166718853437,92.74611398963731
15-1199.08,0.5918029634643343,0.35023074756516814,2.558790437633644,95.02590673575129
15-1199.09,0.5759430140809165,0.33171035546861083,2.522202674391702,93.05699481865285
15-1199.10,0.5658119757323409,0.3201431918821351,2.5736573091920287,96.58031088082902
15-1199.11,0.5039828785520424,0.2539987418736027,2.677372974487538,99.79274611398964
15-1199.12,0.5349220782192046,0.2861416297663528,2.561007646697071,95.23316062176166
15-2011.00,0.5537650597473165,0.306655741396949,2.4088338549909603,83.21243523316062
15-2021.00,0.564593985896431,0.31876636891041926,2.5707575480301625,96.37305699481865
15-2031.00,0.5631777875797432,0.3171692204232144,2.4035852375056352,82.79792746113989
15-2041.00,0.5491175711095164,0.30153010690121484,2.3805137810986694,81.139896373057
15-2041.01,0.5666740497431352,0.32111947865228524,2.4423436734718074,86.42487046632124
15-2041.02,0.575171656983391,0.33082243499701963,2.5311728183718407,93.67875647668394
15-2091.00,0.4096640090764309,0.16782460033257407,1.4630225275247395,25.077720207253886
17-1011.00,0.49714429007128913,0.24715244515048607,2.570593281536465,96.26943005181347
17-1012.00,0.5195811961623295,0.26996461940547706,2.5787788070438693,96.89119170984456
17-1021.00,0.46446906837400703,0.21573151547621802,2.420172646912649,84.04145077720207
17-1022.00,0.3722333310990466,0.13855765278109244,1.7637195319637595,43.10880829015544
17-1022.01,0.42865798271044253,0.18374766614138605,1.9999609502776365,53.36787564766839
17-2011.00,0.5477526675123363,0.30003298476688006,2.4866695519553126,89.94818652849742
17-2021.00,0.5068235821813238,0.2568701434551091,2.350362221761583,78.65284974093264
17-2031.00,0.5173770841578369,0.26767904721166547,2.518168620887723,92.84974093264249
17-2041.00,0.5374860513165638,0.28889125535987187,2.62946459972512,98.860103626943
17-2051.00,0.521172545581362,0.2716208222677568,2.510310968320967,91.70984455958549
17-2051.01,0.534873367173149,0.2860895189111423,2.5126504791669744,92.12435233160622
17-2061.00,0.5306065214197111,0.28154328057312633,2.516290765058492,92.43523316062176
17-2071.00,0.5244337460852788,0.27503075403303867,2.453083643715125,86.94300518134715
17-2072.00,0.45521667233981145,0.20722221877613126,2.2955316468977447,73.47150259067358
17-2072.01,0.4961600445990094,0.24617478985649102,2.2056579511574457,66.83937823834196
17-2081.00,0.5474474894283955,0.2996987536814532,2.516391043391377,92.53886010362694
17-2081.01,0.5342701865032564,0.2854446321862244,2.5594828017032243,95.12953367875647
17-2111.01,0.5006651321380913,0.2506655745388524,2.3268481858433687,76.16580310880829
17-2111.02,0.5219307804002278,0.2724117395291908,2.5919979666798305,97.61658031088083
17-2111.03,0.5291885970579113,0.2800405712561204,2.4013809933627686,82.48704663212435
17-2112.00,0.48504572377188393,0.23526935414939074,2.2952333933460154,73.26424870466322
17-2112.01,0.5615847374111169,0.31537741729311314,2.58476533740864,97.20207253886011
17-2121.01,0.43462461496253557,0.1888985559313323,2.00042959598198,53.47150259067357
17-2121.02,0.5017467272732936,0.2517497783294609,2.3121666840582558,74.92227979274611
17-2131.00,0.5149863188894219,0.26521090864327734,2.4251866690180526,84.87046632124353
17-2141.00,0.5174776618403346,0.2677831305037397,2.463911619137772,88.08290155440415
17-2141.01,0.48460875342985393,0.23484564390083695,2.4100161464696095,83.3160621761658
17-2141.02,0.49646184576645597,0.2464743643018363,2.3282304924697366,76.47668393782384
17-2151.00,0.5382588922526965,0.28972263508909996,2.623944483716706,98.65284974093264
17-2161.00,0.546223371295012,0.29835997134888853,2.4953473523729595,90.88082901554404
17-2171.00,0.5444287658779858,0.2964026811154267,2.5137181715703933,92.2279792746114
17-2199.01,0.4931845851323979,0.2432310350122154,2.2568689601705074,69.53367875647669
17-2199.02,0.4999865864969808,0.24998658667690285,2.317034053940582,75.5440414507772
17-2199.03,0.5414988041015062,0.29322095484336136,2.462164677364339,87.97927461139896
17-2199.04,0.4685904340088618,0.21957699484461346,2.235997997961803,67.97927461139896
17-2199.05,0.49497225543794127,0.24499753365332258,2.336970423856574,77.20207253886011
17-2199.06,0.4920807611320345,0.24214347547628243,2.3726821611534574,80.20725388601036
17-2199.07,0.45325291706458626,0.2054382068275567,2.277684540926495,71.81347150259067
17-2199.08,0.43867745044821455,0.19243790553174572,2.235303135375336,67.87564766839378
17-2199.09,0.500512378520181,0.250512641051929,2.298597664557037,73.78238341968913
17-2199.10,0.49914754880826645,0.24914827548130075,2.40368496660595,82.90155440414507
17-2199.11,0.4723765599867741,0.22313961442493838,2.0549825936379196,56.89119170984456
17-3011.01,0.43742720491265025,0.1913425595976937,2.4120695148054407,83.62694300518135
17-3011.02,0.4777424851210081,0.22823788208959664,2.350686069853719,78.860103626943
17-3012.01,0.46426726266617035,0.21554409118353882,2.3438699913317236,77.92746113989638
17-3012.02,0.499995672242486,0.24999567226121547,2.480963475244028,89.43005181347151
17-3013.00,0.44565135976025727,0.19860513445616626,2.4289374360698988,85.5958549222798
17-3021.00,0.44514962623609633,0.19815818973813626,2.1299964223903824,62.90155440414508
17-3022.00,0.47759175852606006,0.22809388781201445,2.3137887563690067,75.23316062176166
17-3023.01,0.4322517995033388,0.18684161817387462,2.271841813651631,70.98445595854922
17-3023.03,0.399620960647743,0.15969691218902496,2.112484438206136,61.03626943005181
17-3024.00,0.3266518367484923,0.10670142245116367,1.8119379052795648,44.97409326424871
17-3024.01,0.33367253784155537,0.1113373625096242,1.7294832681591343,41.24352331606217
17-3025.00,0.4002653885940204,0.16021238130632215,1.8849438390209436,48.39378238341969
17-3026.00,0.46098386574108363,0.21250612447359343,2.277539465108631,71.70984455958549
17-3027.00,0.3435333182906716,0.11801514077579986,1.7078637325077157,39.48186528497409
17-3027.01,0.3581129168420453,0.12824486120911768,1.7501085561089615,42.38341968911917
17-3029.01,0.35200301652409444,0.1239061236420619,1.7294522541306925,41.13989637305699
17-3029.02,0.4574227817159224,0.20923560123273238,2.376248869958525,80.72538860103627
17-3029.03,0.40994760055511265,0.16805703520089418,2.036679570179499,55.233160621761655
17-3029.04,0.39979667325380924,0.15983737994481312,2.1141951806035806,61.13989637305699
17-3029.05,0.4773775023173481,0.2278892797187497,2.347254511847811,78.23834196891191
17-3029.06,0.4590218673666969,0.2107010747208095,2.2895074877099075,72.64248704663213
17-3029.07,0.36160279992567135,0.1307565849140851,1.8990640227217908,49.32642487046632
17-3029.08,0.35755486254737906,0.12784547973127514,1.995200306284964,53.056994818652846
17-3029.09,0.33038690153157957,0.10915550470363765,1.7128798260021634,40.20725388601036
17-3029.11,0.46422579054997415,0.21550558461174846,2.282110658077846,72.2279792746114
17-3029.12,0.3523273792158274,0.12413458214509344,1.7916263729003568,43.93782383419689
17-3031.01,0.30421827623472864,0.09254875959522965,1.520937296690909,29.430051813471504
17-3031.02,0.4273900452375512,0.18266225076815606,2.378374249310509,80.93264248704664
19-1011.00,0.5413257552452686,0.29303357329186047,2.3470017557738814,78.13471502590673
19-1012.00,0.4925805140079904,0.24263556278037604,2.3633282340848454,79.48186528497409
19-1013.00,0.505041672249666,0.25506709070873906,2.2521620733648526,68.9119170984456
19-1020.01,0.5114366335249507,0.26156743011133476,2.2638883512436356,69.94818652849742
19-1021.00,0.5260899226073182,0.2767706066689741,2.424044463390455,84.55958549222798
19-1022.00,0.49923484785653033,0.24923543331433298,2.437495162717704,86.01036269430051
19-1023.00,0.4493779935661942,0.20194058110157845,1.892376727706779,48.9119170984456
19-1029.01,0.5458234868612035,0.2979232788093224,2.52479986024161,93.26424870466322
19-1029.02,0.5281571616125337,0.278949987362608,2.389145304864868,81.86528497409327
19-1029.03,0.536000838540373,0.2872968989159829,2.413188182788807,83.73056994818653
19-1031.01,0.4217442865958968,0.17786824327628195,1.844703537964808,46.21761658031088
19-1031.02,0.41069691696275096,0.16867195760270876,1.8046867022465634,44.55958549222798
19-1031.03,0.41141585622757215,0.16926300675546632,1.7391732820991612,41.865284974093264
19-1032.00,0.3901357265543459,0.15220588513408737,1.7312647885006407,41.347150259067355
19-1041.00,0.5778238349768113,0.3338803842673093,2.6403862033902454,99.17098445595855
19-1042.00,0.561983674612822,0.31582565053133016,2.495041570243042,90.77720207253886
19-2011.00,0.53559053155611,0.2868572174925565,2.4919181668127117,90.36269430051813
19-2012.00,0.5557842139901182,0.30889609252061356,2.558672817524818,94.92227979274611
19-2021.00,0.5653485562012533,0.3196189899988417,2.52820506324671,93.57512953367876
19-2031.00,0.46352383254774754,0.2148543433397523,2.1447205331566543,63.83419689119171
19-2032.00,0.5110294746838593,0.2611511239956612,2.4829294830344546,89.63730569948187
19-2041.00,0.5119233500803488,0.26206551635748737,2.277163469115941,71.60621761658031
19-2041.01,0.5765884946825305,0.3324542922002665,2.5499197207119075,94.09326424870466
19-2041.02,0.44365542405638503,0.19683013529465082,2.0055285754864265,53.78238341968912
19-2041.03,0.5631032321482082,0.3170852500557589,2.499012743021853,91.29533678756476
19-2042.00,0.49774008509405765,0.24774519230943975,2.257271953819283,69.63730569948187
19-2043.00,0.4730263248133895,0.22375390396646228,2.2512855006835975,68.70466321243524
19-2099.01,0.5309851946022135,0.28194527688675053,2.459917175221909,87.66839378238342
19-3011.00,0.5764585900204688,0.33230450600838696,2.2960413069215106,73.57512953367876
19-3011.01,0.5494524854598687,0.3018980337780272,2.425707295863788,84.97409326424871
19-3022.00,0.5522529935790693,0.3049833689170436,2.3515153101926334,79.06735751295336
19-3031.01,0.5872518646762026,0.344864752565677,2.44645299782669,86.6321243523316
19-3031.02,0.6210226525720997,0.3856691350076868,2.6639032013631265,99.58549222797927
19-3031.03,0.6139518217796933,0.37693683946660433,2.5974380958841583,97.8238341968912
19-3032.00,0.5835810600173642,0.3405668536109904,2.4811243039983797,89.53367875647669
19-3039.01,0.5883533686222845,0.34615968636918976,2.6613876221937987,99.48186528497409
19-3041.00,0.6202426704772581,0.3847009702807606,2.425724281218532,85.07772020725389
19-3051.00,0.538752796441736,0.29025457567379065,2.468396772440145,88.39378238341969
19-3091.01,0.5964150975271965,0.35571096855837525,2.5688529045471777,95.95854922279793
19-3091.02,0.46278566955483436,0.21417057594531633,2.061722063093689,57.82383419689119
19-3092.00,0.5725470295149819,0.3278101010064296,2.5105748042928475,91.81347150259067
19-3093.00,0.6130807799648227,0.3758680427622753,2.3760107152812737,80.62176165803109
19-3094.00,0.6166741235999896,0.3802869747178153,2.4260219847175204,85.18134715025907
19-3099.01,0.5414496880275214,0.2931677646651002,2.5878278533894377,97.51295336787565
19-4011.01,0.3583376231935331,0.1284058521959905,1.7412050541106732,42.17616580310881
19-4011.02,0.42714791544794395,0.18245534167152389,2.0113016233955765,53.8860103626943
19-4021.00,0.4341885777416476,0.18851972104131476,2.0922325804013053,59.89637305699482
19-4031.00,0.4054252893876108,0.16436966527502797,1.9906813264306205,52.74611398963731
19-4041.01,0.4458463896523891,0.19877900316606997,1.905225364463299,49.637305699481864
19-4041.02,0.370509231871321,0.13727709090187631,1.806061569105469,44.766839378238345
19-4051.01,0.3808258455868978,0.14502832466697574,1.8699637552979498,47.7720207253886
19-4051.02,0.4282947809991146,0.18343641943107955,2.046738017772819,56.476683937823836
19-4061.00,0.5205563828545842,0.2709789477306484,2.3677827966465625,79.89637305699482
19-4061.01,0.5302811807671941,0.2811981306758496,2.3811172020508447,81.24352331606218
19-4091.00,0.39035795892650393,0.15237933609726614,1.8275127717208604,45.59585492227979
19-4092.00,0.4258318060796608,0.18133272706906586,2.05871019500805,57.30569948186528
19-4093.00,0.298033424588347,0.0888239221718579,1.4893205963440688,27.150259067357513
19-4099.01,0.41421765634513663,0.1715762668280577,2.0008377060145635,53.575129533678755
19-4099.02,0.40996306495944523,0.1680697146309423,2.0410329207861633,56.16580310880829
19-4099.03,0.4790297276176855,0.22946947994147393,2.4355332078658867,85.90673575129534
21-1011.00,0.5504298517094862,0.302973021652927,2.2545141519764758,69.32642487046633
21-1012.00,0.5461031444191033,0.298228644344432,2.2703622090841575,70.67357512953367
21-1013.00,0.5947264394517124,0.3536995377829114,2.593311644367907,97.72020725388602
21-1014.00,0.6033406605390872,0.364019952659742,2.52673806762123,93.3678756476684
21-1015.00,0.5084732249916313,0.25854502053339007,1.9595624509383223,51.60621761658031
21-1021.00,0.5249541481064189,0.27557685761413603,2.1226995502472374,62.17616580310881
21-1022.00,0.548385403333767,0.30072655058953823,2.270584844714505,70.77720207253886
21-1023.00,0.5656503736634393,0.31996034522558847,2.374235995818754,80.51813471502591
21-1091.00,0.5177899618613391,0.268106444604367,2.143858320146615,63.73056994818653
21-1092.00,0.5129642069277541,0.26313227758901975,1.9385774848251909,50.880829015544045
21-1093.00,0.46823526059349796,0.21924425926306093,1.9549915813503291,51.295336787564764
21-1094.00,0.4172711116817084,0.17411518064408876,1.8274843485394408,45.49222797927461
21-2011.00,0.5708734090889027,0.32589644920478567,2.3089320887294695,74.50777202072538
21-2021.00,0.5652122962334756,0.31946493981351815,2.3193659781617995,75.64766839378238
23-1011.00,0.5894755775437461,0.3474814565205331,2.5004355582827316,91.39896373056995
23-1012.00,0.5902716445599842,0.34842061437154825,2.422995626413168,84.35233160621762
23-1021.00,0.5964763731174226,0.3557840636873148,2.379795967393081,81.03626943005182
23-1022.00,0.6148314194979013,0.37801767440180434,2.566740282259456,95.64766839378238
23-1023.00,0.6148286681835449,0.3780142912203515,2.55550245163705,94.50777202072538
23-2011.00,0.5674787984090448,0.3220321866437733,2.4287316844284303,85.49222797927462
23-2091.00,0.4737212235041481,0.22441179759826702,1.9980952234386493,53.16062176165803
23-2093.00,0.5705971032352464,0.3255810542204544,2.2994964856208435,73.98963730569949
25-1011.00,0.59172132552519,0.3501341270812878,2.244832386443017,68.39378238341969
25-1021.00,0.5494056269315217,0.3018465429040184,2.1700785067536286,64.76683937823834
25-1022.00,0.5630212734068052,0.31699295430862046,2.142212081974386,63.626943005181346
25-1031.00,0.5655253473008302,0.31981891843972454,2.4250233346461454,84.76683937823834
25-1032.00,0.5613452055992831,0.3151084398493015,2.387294040152158,81.65803108808291
25-1041.00,0.5627097412856427,0.3166422529377549,2.1055629470165194,60.62176165803109
25-1042.00,0.5825116577519431,0.3393198314169169,2.264468016939562,70.05181347150258
25-1043.00,0.5834474490016607,0.3404109257465454,2.207829774268001,66.94300518134715
25-1051.00,0.5778659200675166,0.33392902157547744,2.244842297439129,68.49740932642487
25-1052.00,0.5729222907999847,0.3282399512955022,2.300258503002777,74.09326424870466
25-1053.00,0.6023206305688028,0.3627901420088002,2.3415752865970054,77.51295336787565
25-1054.00,0.5735227352464797,0.32892832784460363,2.1408163614399047,63.41968911917098
25-1061.00,0.6027991079957795,0.36336676460050743,2.4799489274793602,89.22279792746114
25-1062.00,0.6105437493898603,0.3727636699190286,2.3831536909572066,81.45077720207254
25-1063.00,0.5682280480583414,0.3228831146001927,2.2312006979755004,67.7720207253886
25-1064.00,0.6020672650200848,0.362484991608765,2.255030884200061,69.43005181347151
25-1065.00,0.6115815071263517,0.3740319398589398,2.285183124914451,72.43523316062176
25-1066.00,0.6036403455186604,0.36438166673788774,2.2307516991646463,67.66839378238342
25-1067.00,0.62687682507785,0.3929745538196854,2.290388549855971,72.84974093264249
25-1071.00,0.5973289489898406,0.3568018733013076,2.31056695919097,74.71502590673575
25-1072.00,0.517446267686876,0.2677506399430781,2.1162999299214196,61.347150259067355
25-1081.00,0.5975108052146969,0.3570191623483155,2.2016593669415805,66.32124352331606
25-1082.00,0.6076397324394547,0.36922604443909207,2.464160310812881,88.18652849740933
25-1111.00,0.6153017426304623,0.3785962344840837,2.4114893404009785,83.52331606217616
25-1112.00,0.6330763735318461,0.40078569472423353,2.364886220391318,79.58549222797927
25-1113.00,0.6110796653966906,0.3734183574613313,2.335280745327326,76.99481865284974
25-1121.00,0.5462834924558865,0.2984256541298006,2.252771621248782,69.11917098445596
25-1122.00,0.6056144431342896,0.36676885373285567,2.2623258663266994,69.84455958549223
25-1123.00,0.6333520918319812,0.4011348722279463,2.5123748114801834,92.02072538860104
25-1124.00,0.609239770598965,0.37117309807947946,2.1750446138854302,65.07772020725389
25-1125.00,0.6184575291518747,0.38248971536464194,2.368276594941894,80.0
25-1126.00,0.6032776867869722,0.3639439673750402,2.2962179937015352,73.67875647668394
25-1191.00,0.5734982079754014,0.3289001945509968,2.2751871851034617,71.39896373056995
25-1192.00,0.5730068661496176,0.32833686865460576,2.2242858640037015,67.25388601036269
25-1193.00,0.5518741893805165,0.30456512090440213,2.100172533539,60.51813471502591
25-1194.00,0.47427010563553357,0.22493213309954016,1.8573006243026404,46.424870466321245
25-2011.00,0.4428147394154345,0.19608489344355914,1.864900928352459,47.25388601036269
25-2012.00,0.5164094114061624,0.26667868018885904,2.1981776997649964,66.11398963730569
25-2021.00,0.5352680460615993,0.28651188113460235,2.278676665862541,71.91709844559585
25-2022.00,0.5492923146980246,0.3017220469863137,2.312315799972823,75.02590673575129
25-2023.00,0.45314233087564515,0.20533797203141266,1.937157013875949,50.77720207253886
25-2031.00,0.5416005251547321,0.2933311288478816,2.315805401267211,75.33678756476684
25-2032.00,0.45701870233038266,0.20886609427974692,2.020260648887822,54.50777202072539
25-2052.00,0.5159880525457667,0.26624367036997293,2.07752993531816,58.75647668393783
25-2053.00,0.5632610106196844,0.3172629660843082,2.4205144255270805,84.24870466321244
25-2054.00,0.527469909494433,0.2782245054220653,2.252388241930399,69.01554404145078
25-2059.01,0.37432708398809833,0.1401207658070328,1.4169482019241306,21.761658031088082
25-3011.00,0.562221292963532,0.31609278226158566,2.3987162100063015,82.38341968911917
25-3021.00,0.4557912556288689,0.20774566870774092,1.891800943334569,48.80829015544042
25-3099.02,0.5747936172665455,0.33038770245036003,2.3487525799288353,78.44559585492227
25-4011.00,0.5146300565528297,0.2648440951075687,2.269787645618088,70.36269430051813
25-4012.00,0.4955941217597105,0.24561353352277876,2.327182960252403,76.37305699481865
25-4013.00,0.39273276652767775,0.15423902590448343,1.894602196613172,49.119170984455955
25-4021.00,0.5410529606336065,0.292738306210391,2.4790490685509297,89.11917098445596
25-4031.00,0.3954869065494472,0.15640989325205118,1.6397341470350355,35.95854922279793
25-9011.00,0.40908515300794307,0.16735066241153218,2.097153585958343,60.310880829015545
25-9021.00,0.5016556796119681,0.2516584208869456,2.2264501789200652,67.46113989637306
25-9031.00,0.5669686027330569,0.3214533964850749,2.487125097852109,90.05181347150258
25-9031.01,0.5701400466682639,0.3250596728148901,2.61912800150376,98.54922279792746
25-9041.00,0.482316374050184,0.232629084676917,1.9153198232307576,50.05181347150259
27-1011.00,0.5064513448834512,0.2564929647342565,2.6559023521188285,99.37823834196891
27-1012.00,0.2844481003822205,0.0809107218110538,1.6693843847004346,37.61658031088083
27-1013.00,0.3261378314690968,0.10636588511536499,2.058108336044119,57.2020725388601
27-1014.00,0.4590584230907286,0.21073463581054638,2.469555307536556,88.49740932642487
27-1021.00,0.49720788025747287,0.2472156761901295,2.569543571709274,96.16580310880829
27-1022.00,0.4799059872606647,0.23030975660863326,2.4602928523996117,87.7720207253886
27-1023.00,0.3640049734598131,0.13249962070347923,1.9023179063888187,49.53367875647668
27-1024.00,0.4709041310972596,0.22175070068446504,2.5871368762116105,97.30569948186529
27-1025.00,0.5087014755469437,0.25877719122363774,2.6464535100008684,99.27461139896373
27-1026.00,0.30795533460677915,0.09483648811277332,1.431060319440429,23.10880829015544
27-1027.00,0.4048546227780161,0.1639072655847297,2.0267226191838685,54.715025906735754
27-2011.00,0.4562121739465379,0.20812954765702615,1.7913312792158005,43.83419689119171
27-2012.01,0.5161336859186384,0.26639398173995965,2.202519598121047,66.6321243523316
27-2012.02,0.5182935046457973,0.26862815695802306,2.4745089410916425,88.70466321243524
27-2012.03,0.536682863968428,0.28802849647735423,2.4198521781156326,83.93782383419689
27-2012.04,0.5640911589036128,0.318198835553221,2.3945854756958043,82.1761658031088
27-2012.05,0.4931051105933311,0.2431526500932613,2.4610176838881728,87.87564766839378
27-2021.00,0.2267419972402654,0.051411933312504515,0.8784320510032453,0.7253886010362695
27-2022.00,0.4436326180018699,0.19680989975519306,1.928046654435523,50.46632124352332
27-2023.00,0.36955756745860885,0.13657279566592423,1.6881930813770645,38.23834196891192
27-2031.00,0.1765245784102568,0.0311609267829189,0.6499584034133329,0.0
27-2032.00,0.30437668144918034,0.0926451642100158,1.144300919133626,6.424870466321243
27-2041.01,0.48416112582719906,0.23441199576226088,1.8797233410287877,48.082901554404145
27-2041.04,0.5216560668082133,0.2721250520378151,2.136297167177444,63.3160621761658
27-2042.01,0.4766983988799783,0.22724136349473487,1.7134440579708279,40.310880829015545
27-2042.02,0.37833937278888063,0.14314068100228358,1.7109385306692713,39.89637305699482
27-3011.00,0.5345357495604389,0.2857284675581403,2.184711199442095,65.5958549222798
27-3012.00,0.4757562694189989,0.22634402789148306,1.9221422305100306,50.259067357512954
27-3021.00,0.5521337575973017,0.3048516862785159,2.389684988831646,82.07253886010362
27-3022.00,0.5886989755252727,0.34656648378450566,2.4243160086638653,84.66321243523316
27-3031.00,0.5874074782402295,0.34504754549254574,2.4298481662777482,85.80310880829016
27-3041.00,0.572815796300528,0.328117936491408,2.615008788406143,98.44559585492227
27-3042.00,0.5752555191377626,0.33091891229845677,2.553499964634455,94.30051813471502
27-3043.04,0.5766299899656844,0.33250214532782524,2.611440386821303,98.23834196891191
27-3043.05,0.5544943626238267,0.3074639981816038,2.579505075438509,96.99481865284974
27-3091.00,0.5589365160489513,0.3124100289729396,2.174256189496474,64.97409326424871
27-4011.00,0.39840717050171587,0.1587282735071833,2.025543680010914,54.61139896373057
27-4012.00,0.3960222940946786,0.1568336574200121,2.032149940770032,55.02590673575129
27-4013.00,0.5025202611048514,0.252526612820888,2.1215241244351684,61.6580310880829
27-4014.00,0.44680479699610415,0.19963452661872985,2.1256972157331453,62.27979274611399
27-4021.00,0.36001392368816126,0.1296100252493452,2.067251505850881,58.23834196891192
27-4031.00,0.3115040340619635,0.0970347632368769,1.7123305989649302,40.10362694300518
27-4032.00,0.4896156353298997,0.23972347035950134,2.627217118048831,98.75647668393782
29-1011.00,0.42181384459908366,0.1779269194954599,1.7858881609102013,43.626943005181346
29-1021.00,0.3840980100158998,0.14753128129817428,1.9842996144321658,52.64248704663213
29-1022.00,0.3822620176003686,0.1461242500999045,1.9547772019306835,51.19170984455958
29-1023.00,0.40973383064604507,0.16788181197588195,2.083546492748181,59.170984455958546
29-1024.00,0.37690674751378594,0.1420586963214208,1.9312540677452774,50.5699481865285
29-1031.00,0.5654294790149077,0.31971049573906996,2.454687760564058,87.25388601036269
29-1041.00,0.4450200167286529,0.19804281528917048,2.2616279963229946,69.74093264248705
29-1051.00,0.48604406626445434,0.23623883435088527,2.092691498544023,60.0
29-1061.00,0.44580963683464236,0.19874623229463573,2.0400032905000307,55.854922279792746
29-1062.00,0.5456111328653516,0.29769150830661234,2.3343537651924757,76.89119170984456
29-1063.00,0.545957315318294,0.298069390149559,2.45069258913068,86.73575129533678
29-1064.00,0.46590894868735877,0.2170711484669599,2.0149414832775023,54.09326424870466
29-1065.00,0.5556310716957913,0.30872588783381355,2.42392432319448,84.4559585492228
29-1066.00,0.5832092635347083,0.34013304507269676,2.454569239566301,87.15025906735751
29-1067.00,0.4173726807669021,0.17419995465055035,2.107180690200091,60.829015544041454
29-1069.01,0.5635857207272992,0.3176288646077093,2.5831182748925423,97.09844559585493
29-1069.02,0.4743024091783096,0.22496277535234865,2.2012363594208053,66.21761658031087
29-1069.03,0.526961385982557,0.2776883023166575,2.3395829873081664,77.40932642487047
29-1069.04,0.5655951112807336,0.3198978299046654,2.669247642624596,99.68911917098445
29-1069.05,0.48327673132343046,0.23355639903865918,2.2748731391045087,71.19170984455958
29-1069.06,0.43669753150060947,0.1907047340187258,2.125867486411902,62.487046632124354
29-1069.07,0.531161537543181,0.282132578965236,2.4922258193831865,90.56994818652849
29-1069.08,0.4922021250196629,0.24226293187387185,2.230043180953645,67.56476683937824
29-1069.09,0.5834871644056215,0.34045727102611284,2.638866161214065,99.06735751295336
29-1069.10,0.4767332873352516,0.22727462725347558,2.264495040195171,70.15544041450777
29-1069.11,0.4559405751385016,0.20788180805762763,2.058078464071591,57.09844559585492
29-1069.12,0.4465888347726631,0.19944158734360498,2.038399797055575,55.64766839378238
29-1071.00,0.4683166714817002,0.2193205047876987,2.0750936827461386,58.652849740932645
29-1071.01,0.3828243885432937,0.1465545124635467,1.8634832999048718,47.04663212435233
29-1081.00,0.4847547330145956,0.23498715118005187,2.2750750687151204,71.29533678756476
29-1122.00,0.449357543927758,0.20192220228478697,1.9067281128929416,49.84455958549223
29-1122.01,0.45233668919847037,0.20460848039503357,2.0200831358402804,54.40414507772021
29-1123.00,0.4065713845808121,0.1653002907599586,1.699254135776675,39.170984455958546
29-1124.00,0.358535207883957,0.12854749529239226,1.741072125804856,42.07253886010363
29-1125.00,0.4130158709342537,0.1705821096435801,1.6787852706052502,38.031088082901555
29-1125.01,0.5015805314038524,0.25158302948337097,2.2954338820943354,73.3678756476684
29-1125.02,0.46853127370806386,0.21952155444250065,1.959209527509155,51.50259067357513
29-1126.00,0.3756269572107628,0.14109561098341622,1.7166858382015304,40.62176165803109
29-1127.00,0.5720177854026964,0.3272043468170053,2.2839276201931953,72.33160621761658
29-1128.00,0.45422487644534804,0.2063202383817917,1.759266660483948,42.90155440414508
29-1131.00,0.4068492700105192,0.16552632850809235,1.8842097774856372,48.29015544041451
29-1141.00,0.4158944033568599,0.17296815474355848,1.7329521030757227,41.55440414507772
29-1141.01,0.48407774433375234,0.23433126255925368,2.1287160851543536,62.7979274611399
29-1141.02,0.5287776984475552,0.2796058543754936,2.270794556363685,70.88082901554404
29-1141.03,0.41366006860261284,0.17111465235631837,1.8760399298671322,47.87564766839378
29-1141.04,0.4286755077968842,0.18376269098491652,1.8449616665269708,46.32124352331606
29-1151.00,0.4362977270472528,0.1903557066265991,2.040991973680016,56.06217616580311
29-1161.00,0.45299126914223065,0.20520108991908884,1.9644900511640864,52.12435233160622
29-1171.00,0.46280496236514557,0.2141884331898038,1.9466821949032012,51.0880829015544
29-1181.00,0.48833881680499003,0.2384747999984976,2.037333925392874,55.5440414507772
29-1199.01,0.44142293741261873,0.1948542096739847,2.031196728942401,54.92227979274612
29-1199.04,0.5543499404278963,0.3073038564524122,2.5516194368205856,94.19689119170984
29-1199.05,0.49547130629289254,0.24549181535958534,2.341952206747795,77.61658031088083
29-2011.00,0.39990951254010254,0.15992761822006243,2.047462074622594,56.58031088082902
29-2011.01,0.46923507768852657,0.22018155813335757,2.376716926066786,80.82901554404145
29-2011.02,0.396970145956868,0.1575852967810171,2.267812939185982,70.25906735751295
29-2011.03,0.34888339359858755,0.12171962232886696,1.9603492733521743,51.917098445595855
29-2012.00,0.36470170271362395,0.13300733196221654,1.8385053499024115,46.1139896373057
29-2021.00,0.33943774795305626,0.11521798473544255,1.6943164651052558,38.652849740932645
29-2031.00,0.3879874149179259,0.15053423413469477,1.8684042732482684,47.56476683937824
29-2032.00,0.37301188535489715,0.13913786661601493,1.8246331574409218,45.181347150259064
29-2033.00,0.39924815703348415,0.1593990908946336,1.8933385590462328,49.015544041450774
29-2034.00,0.34798958058771723,0.12109674819761534,1.5727667911943,32.43523316062176
29-2035.00,0.3875369382985558,0.15018487854581863,1.8906934627935048,48.704663212435236
29-2041.00,0.320631354783646,0.10280446567039628,1.5142738839776528,28.808290155440414
29-2051.00,0.37797061844379787,0.14286178840678704,1.7806426964093025,43.523316062176164
29-2052.00,0.3921758246182127,0.15380187741497514,1.7535715225671098,42.590673575129536
29-2053.00,0.39694048923424086,0.1575617519935185,1.6290479916520861,35.44041450777202
29-2054.00,0.39597154775624926,0.1567934666324796,1.8269057255193673,45.284974093264246
29-2055.00,0.3365085288559924,0.11323798999282428,1.6762664013528843,37.72020725388601
29-2056.00,0.37048376853436726,0.1372582227474266,1.620816141098472,34.818652849740936
29-2057.00,0.3963637174120588,0.1571041964807064,1.797469088381491,44.04145077720207
29-2061.00,0.3691595860903669,0.13627880000241102,1.527860708636885,29.844559585492227
29-2071.00,0.457042379838859,0.20888773696876786,2.1223775771685096,62.07253886010363
29-2081.00,0.3920721808571232,0.15372059500206073,1.9597287142727913,51.81347150259067
29-2091.00,0.43531634003917674,0.18950031590510416,2.0148229243889157,53.98963730569948
29-2092.00,0.45061220579841277,0.2030513600145111,2.099409755357404,60.41450777202073
29-2099.01,0.4276788569581942,0.18290920468906752,2.0702229556422003,58.44559585492228
29-2099.05,0.39327902596207315,0.154668392261677,1.862585704907809,46.943005181347154
29-2099.06,0.34191965882985653,0.11690905309432549,1.558750583254054,31.502590673575128
29-2099.07,0.3185487021743374,0.1014732756569547,1.5268395093396059,29.740932642487046
29-9011.00,0.4790680217198646,0.22950616943458468,2.172011720723634,64.87046632124353
29-9012.00,0.42609388570311746,0.18155599943358133,1.909645900636928,49.94818652849741
29-9091.00,0.4015726360760487,0.16126058204506666,1.7278733442501963,41.03626943005181
29-9092.00,0.588479558372677,0.3463081906225009,2.5990231942132254,97.92746113989638
29-9099.01,0.4470783852369524,0.19987908254608083,2.017359033612172,54.196891191709845
31-1011.00,0.338330649399159,0.11446762832285666,1.4410226268039843,23.730569948186528
31-1013.00,0.35931752353296936,0.129109082717866,1.5141354874780393,28.704663212435232
31-1014.00,0.2978396102622144,0.08870843344114776,1.1090553940366679,5.595854922279793
31-1015.00,0.20659543448168202,0.04268167354867497,0.7211742358724139,0.20725388601036268
31-2011.00,0.38458166257536797,0.1479030551892342,1.6505863658364812,36.78756476683938
31-2012.00,0.332943658413721,0.11085147967791252,1.2861733831308868,12.33160621761658
31-2021.00,0.3619843084774531,0.13103263958389993,1.5357368352436929,30.362694300518136
31-2022.00,0.2881709631823546,0.08304250402144596,1.2775952666482524,12.020725388601036
31-9011.00,0.27048125624277486,0.07316010997866963,0.9913257847055498,2.901554404145078
31-9091.00,0.34193649444119495,0.11692056623073334,1.5634380046407663,31.70984455958549
31-9092.00,0.4258497536493129,0.18134801268318046,1.8354511028302876,46.01036269430052
31-9093.00,0.2830781624726337,0.0801332460688828,1.4674401297827253,25.492227979274613
31-9094.00,0.5468928740423983,0.2990918156783545,2.2532347609740957,69.22279792746114
31-9095.00,0.3569253548766814,0.12739570895384497,1.496052215641464,27.875647668393782
31-9096.00,0.290740746545086,0.08453018170159395,1.2815191283000247,12.2279792746114
31-9097.00,0.3548615909346452,0.12592674872066748,1.7181591485484191,40.829015544041454
31-9099.01,0.5348815306413106,0.2860982518211913,2.1814885530800616,65.49222797927462
31-9099.02,0.322290574587115,0.10387121446769275,1.6094915920634894,34.09326424870466
33-1011.00,0.3545611638342159,0.12571361889947366,1.412212842318538,21.6580310880829
33-1012.00,0.3817408519532993,0.1457260780500308,1.6468112763065355,36.373056994818654
33-1021.01,0.3337131158038197,0.11136444365949356,1.5432953438683228,30.88082901554404
33-1021.02,0.33610171580730813,0.11296436336861652,1.550882017764552,31.191709844559586
33-2011.01,0.24617543204720327,0.06060234334362719,1.191175160910705,7.979274611398964
33-2011.02,0.2530064409925834,0.06401225918373359,1.2863323529142578,12.435233160621761
33-2021.01,0.41166853619247956,0.16947098369085886,2.0296844837276415,54.818652849740936
33-2021.02,0.3799508916686881,0.14436268007983116,1.811618109953492,44.870466321243526
33-2022.00,0.39247841365867275,0.15403930518802825,1.8853631764415306,48.49740932642487
33-3011.00,0.3088254128861528,0.09537313564430275,1.1101865920880516,5.699481865284974
33-3012.00,0.3051648138078182,0.09312556358636034,1.2348803961879007,9.430051813471502
33-3021.01,0.3955500538241923,0.1564598450803214,1.711160022209468,40.0
33-3021.02,0.38342220066562804,0.14701258396327313,1.8582915770029635,46.73575129533679
33-3021.03,0.41284971472969617,0.17044488695239152,1.8599952043878822,46.83937823834197
33-3021.05,0.39137095791516735,0.1531712266994357,1.7146430761274134,40.41450777202073
33-3021.06,0.5777804525248658,0.3338302513198387,2.6817540581450086,99.89637305699482
33-3031.00,0.33081028445469274,0.10943544430099472,1.4950304376263917,27.66839378238342
33-3041.00,0.2696803570779282,0.07272749499367887,1.2667687007169521,11.398963730569948
33-3051.01,0.3090837071106991,0.09553273800129243,1.3786433351427827,19.17098445595855
33-3051.03,0.329288575011552,0.10843096563313852,1.4525525826499042,24.248704663212436
33-3052.00,0.29991824475750467,0.08995095353842247,1.277030807738289,11.917098445595855
33-9011.00,0.3514004871198796,0.12348230234808866,1.500651575984056,27.979274611398964
33-9021.00,0.48717006512735317,0.23733467235618952,2.2230739415946634,67.15025906735751
33-9031.00,0.44755352892329164,0.20030416125169165,2.1257016057977483,62.38341968911917
33-9032.00,0.311293304768287,0.09690352159356161,1.3870454639900998,19.89637305699482
33-9091.00,0.2725493269669119,0.07428313563011667,1.2107490019815794,8.808290155440414
33-9092.00,0.3344721030302497,0.11187158770547798,1.4198875962814743,22.17616580310881
33-9093.00,0.3359703298388345,0.11287606253201525,1.6174609854966127,34.61139896373057
33-9099.02,0.3880637223000353,0.1505934525653589,1.746950753261347,42.27979274611399
35-1011.00,0.3722785426407019,0.13859131331068492,1.7087821878547635,39.689119170984455
35-1012.00,0.37162835828448637,0.13810763668122256,1.656816869026968,37.2020725388601
35-2011.00,0.2745081914894172,0.07535474719479053,1.1556576461264543,6.7357512953367875
35-2012.00,0.3026796081791947,0.09161494520751083,1.503764674944729,28.082901554404145
35-2013.00,0.29910858766392795,0.08946594721430967,1.50583354839211,28.29015544041451
35-2014.00,0.28652604118563224,0.08209717227751062,1.6008749198234724,33.575129533678755
35-2015.00,0.30686525072772486,0.09416628210418944,1.5038168845761408,28.186528497409327
35-2021.00,0.21348358936875933,0.04557524292976905,1.0725062648155137,4.248704663212435
35-3011.00,0.33662982334451147,0.113319637964957,1.4880807999736956,26.94300518134715
35-3021.00,0.29556629068267654,0.08735943218791645,1.2576176690013554,10.880829015544041
35-3022.00,0.3658497865351556,0.13384606630781892,1.7158174623514875,40.51813471502591
35-3022.01,0.3061704918589734,0.09374037008516568,1.3797585921216307,19.27461139896373
35-3031.00,0.277754032793029,0.07714730273279104,1.001693062658809,3.316062176165803
35-3041.00,0.2632493953948269,0.0693002441757419,1.1784875457107293,7.461139896373057
35-9011.00,0.15589089712910997,0.024301971807718748,0.7568567846764107,0.31088082901554404
35-9021.00,0.14815985496553796,0.021951342623409243,0.9905431488074468,2.7979274611398965
35-9031.00,0.3486247047801317,0.12153918478303398,1.3684136629467685,18.134715025906736
37-1011.00,0.3186568825809598,0.1015422088162156,1.3570464976945273,16.683937823834196
37-1012.00,0.3288815506010847,0.10816307432577384,1.5471080227012168,31.088082901554404
37-2011.00,0.18789385892369007,0.03530410222123555,0.9059386678464447,0.8290155440414507
37-2012.00,0.1792203029717672,0.032119916997292025,0.7863686959672498,0.41450777202072536
37-2021.00,0.29515927066680836,0.08711899506056224,1.3781227008762404,19.067357512953368
37-3011.00,0.15770576468000186,0.02487110821330412,0.9441493308743306,1.3471502590673574
37-3012.00,0.25420017073260875,0.06461772680048744,1.3475983551488406,15.854922279792746
37-3013.00,0.20902696503164092,0.04369227211033884,1.1825211725572347,7.564766839378239
39-1011.00,0.5185118619055159,0.2688545509367248,2.3092988344709497,74.61139896373057
39-1012.00,0.3743706554280154,0.14015338764560184,1.454590745123488,24.352331606217618
39-1021.00,0.46364514078060626,0.2149668165694682,1.83137361267117,45.803108808290155
39-1021.01,0.49142404832222253,0.2414975952694021,2.0609894616629485,57.72020725388601
39-2011.00,0.2911151923882165,0.08474805523922829,1.3514721570040265,16.373056994818654
39-2021.00,0.28458126106703874,0.08098649415050606,1.1192213362102832,5.9067357512953365
39-3011.00,0.38859629193683515,0.15100707810705802,1.8058137280891993,44.66321243523316
39-3012.00,0.4082206931736917,0.16664413433520933,1.8188698567680746,45.07772020725388
39-3021.00,0.2839271751847905,0.08061464080841471,1.601437907551345,33.78238341968912
39-3031.00,0.32661855466365564,0.1066796802505754,1.437521102354133,23.419689119170986
39-3091.00,0.2885319053635667,0.08325066041273022,1.2107561349438674,8.911917098445596
39-3092.00,0.34722189763664435,0.12056304619839232,1.7086574692359688,39.58549222797927
39-3093.00,0.322436093777143,0.10396503457026256,0.9150376355225056,0.9326424870466321
39-4011.00,0.28821970242306094,0.0830705968648378,1.4943520882304597,27.46113989637306
39-4021.00,0.28729668076171216,0.08253938277669715,1.0422152056820995,4.041450777202073
39-4031.00,0.3687065522261518,0.135944521654496,1.6012839373746905,33.67875647668394
39-5011.00,0.30508595894330665,0.09307744234435698,1.6346311386722525,35.64766839378238
39-5012.00,0.31820486737385895,0.10125433762041516,1.7406812254641226,41.968911917098445
39-5091.00,0.33637405528575004,0.11314750506938083,1.7984672642727675,44.145077720207254
39-5092.00,0.31347385393367944,0.09826585710003378,1.9595797496762122,51.70984455958549
39-5093.00,0.23809684158515426,0.056690105972826046,1.1412616205657005,6.217616580310881
39-5094.00,0.36946533504121326,0.13650463379711597,1.7596044514521874,43.005181347150256
39-6011.00,0.23163004658893777,0.05365247848279348,0.9181329642910055,1.0362694300518134
39-6012.00,0.5178312736546519,0.26814922797479895,2.0387212883624217,55.751295336787564
39-7011.00,0.4391930304918838,0.19289051803264476,1.57811081907744,32.74611398963731
39-7012.00,0.46304493015383275,0.21441060734116785,2.0911721999861976,59.79274611398964
39-9011.00,0.4069088230752991,0.16557479029652505,1.736527252554501,41.76165803108808
39-9011.01,0.3546917478491353,0.12580623599227458,1.5207151960292482,29.11917098445596
39-9021.00,0.3217548275407767,0.10352616904579497,1.2147574337644436,9.015544041450777
39-9031.00,0.21583982834461596,0.04658683149983328,0.7112157780205217,0.10362694300518134
39-9032.00,0.4053252652207301,0.16428857062625518,1.5933097928833746,33.36787564766839
39-9041.00,0.4935072109780616,0.243549367287345,2.0790344829984595,58.96373056994819
41-1011.00,0.3706064240631791,0.13734912155689696,1.627495941703117,35.33678756476684
41-1012.00,0.5546970798908178,0.30768885043940036,2.4081307670344834,83.10880829015544
41-2011.00,0.3318914916678871,0.11015196224153519,1.4488481804076683,24.041450777202073
41-2012.00,0.3447267743490558,0.11883654895310483,1.5358362640547916,30.466321243523318
41-2021.00,0.38713222071131315,0.14987135631287288,1.6640057475324093,37.512953367875646
41-2022.00,0.39581047654013213,0.15666593333892648,1.6506411753157777,36.89119170984456
41-2031.00,0.42318377071793223,0.17908450379904745,1.6566085493108695,37.09844559585492
41-3011.00,0.5251599144863095,0.2757929357832679,2.292415406637678,72.95336787564767
41-3021.00,0.5632509043040365,0.31725158119931485,2.3867883959197607,81.55440414507773
41-3031.01,0.5748608155755275,0.33046495728416064,2.373670307981311,80.41450777202073
41-3031.02,0.5540397238942637,0.306960015652832,2.2699543113678393,70.46632124352331
41-3031.03,0.5449618714248369,0.29698344130686044,2.2204967421673216,67.04663212435233
41-3041.00,0.5337208825916444,0.28485798051440386,2.0938341250276133,60.10362694300518
41-3099.01,0.5502680195757598,0.3027948933678287,2.2791337299003898,72.12435233160622
41-4011.00,0.5441347991710437,0.29608267966891205,2.2022044897650406,66.42487046632124
41-4011.07,0.48485927475830637,0.23508851631915081,2.1199436468797734,61.55440414507772
41-4012.00,0.5254658765229268,0.2761143873900077,2.0776420251891508,58.86010362694301
41-9011.00,0.4253744271660686,0.180943403286861,1.7320190960495885,41.45077720207254
41-9012.00,0.21610081717871338,0.046699563185307706,0.7890742876394155,0.5181347150259067
41-9021.00,0.5501032540159351,0.3026135900789204,2.03724114738856,55.44041450777202
41-9022.00,0.45545806175560377,0.20744204601817137,2.0415186566848162,56.26943005181347
41-9031.00,0.534863428710356,0.28607888737179804,2.426918567432235,85.38860103626943
41-9041.00,0.6099652381961934,0.37205759180773895,1.8674220437208062,47.35751295336787
41-9091.00,0.5921658010557712,0.3506603359400232,2.115851442247587,61.24352331606217
43-1011.00,0.5418063915587338,0.29355416593389594,2.270287908493549,70.56994818652849
43-2011.00,0.5137318763266607,0.2639204407541114,1.9165106186277554,50.15544041450777
43-2021.00,0.538272457669414,0.2897372386854711,1.9340498989808257,50.67357512953368
43-3011.00,0.5402460713138342,0.2918658175700324,2.203433238437797,66.73575129533678
43-3021.01,0.5095282889522245,0.25961907724258154,2.326496869382028,76.06217616580311
43-3021.02,0.4998373111482966,0.24983733761595908,2.2024107573520544,66.52849740932642
43-3031.00,0.48119334872384223,0.23154703885606523,1.9687115339103354,52.2279792746114
43-3041.00,0.4208983134648763,0.17715539027757723,1.5774085303635297,32.64248704663213
43-3051.00,0.516067857398572,0.2663260334399528,2.0872151512651502,59.27461139896373
43-3061.00,0.5915913973928352,0.3499803814692074,2.3297638793480533,76.58031088082902
43-3071.00,0.4224131540378725,0.1784328727042234,1.8581213573482036,46.63212435233161
43-4011.00,0.5097489831426029,0.2598440258149176,2.152676221868761,64.14507772020725
43-4021.00,0.5417548881598472,0.2934983588450885,2.3271368587518193,76.26943005181347
43-4031.01,0.5613570902283074,0.315121782749592,2.087296948016066,59.37823834196891
43-4031.02,0.5661396386688963,0.3205140904721484,2.0588417791161673,57.409326424870464
43-4031.03,0.5247407750223405,0.2753528809710466,2.121643437255066,61.76165803108808
43-4041.01,0.5605037279937636,0.3141644290949069,2.3300311973178416,76.6839378238342
43-4041.02,0.6268672261482091,0.3929625192187499,2.3219849745051198,75.75129533678756
43-4051.00,0.5388737785690314,0.2903849492292655,2.2489919912893828,68.60103626943005
43-4051.03,0.5224437969099197,0.2729475209296534,2.179905499464545,65.38860103626943
43-4061.00,0.5732467170470997,0.3286117986052776,2.2788035531985256,72.02072538860104
43-4071.00,0.4302993601491515,0.18515753934476917,2.0956598038524037,60.20725388601036
43-4081.00,0.4717540930214249,0.22255192428246723,1.8993132088077165,49.4300518134715
43-4111.00,0.5584056332468438,0.3118168512418086,2.1620346700279915,64.4559585492228
43-4121.00,0.4084333779498351,0.16681782422351282,1.7338297970958234,41.6580310880829
43-4131.00,0.5535781896892086,0.3064488120995814,2.342285196162856,77.72020725388602
43-4141.00,0.5253731732441396,0.2760169711646167,2.106390903320834,60.72538860103627
43-4151.00,0.48650388073790685,0.2366860259730435,2.133956306982346,63.21243523316062
43-4161.00,0.5771466468769689,0.33309825200132864,2.3510532433691367,78.96373056994818
43-4171.00,0.5009892469785355,0.25099022558812006,2.130220031798017,63.005181347150256
43-4181.00,0.44244803884523376,0.1957602670779935,1.7545809970402204,42.69430051813472
43-5011.00,0.545247979951536,0.29729535964123055,2.3441871704323978,78.03108808290155
43-5011.01,0.5443471472622967,0.29631381673260054,2.4575275569892816,87.46113989637306
43-5021.00,0.2477089880685635,0.061359742769951736,1.2436424425955652,9.844559585492227
43-5031.00,0.4981840243161464,0.24818732208383074,2.335801491311078,77.09844559585493
43-5032.00,0.5248085683555583,0.27542403341941074,2.3595093400623814,79.37823834196891
43-5041.00,0.23184306510763358,0.05375120683850242,1.1974439417471523,8.290155440414507
43-5051.00,0.3390387014849774,0.11494724110461961,1.3674045074601928,17.512953367875646
43-5052.00,0.23163593954622574,0.05365520848946275,1.1486974536636614,6.632124352331606
43-5053.00,0.23285847299822632,0.054223068447065696,1.1890438497436295,7.772020725388601
43-5061.00,0.4808173249982116,0.23118530001843585,2.1221404034424225,61.968911917098445
43-5071.00,0.2789770931405223,0.07782821849713567,1.3451160018087382,15.544041450777202
43-5081.01,0.28962465493072365,0.08388244074374074,1.1420323850591572,6.321243523316062
43-5081.02,0.2912540285549918,0.08482890914951197,1.4386021119357801,23.523316062176164
43-5081.03,0.22007639444476143,0.04843361939180622,0.9497369353552103,1.761658031088083
43-5081.04,0.28479223115928676,0.08110661492868462,1.1666868523669816,7.253886010362694
43-5111.00,0.3748677929144518,0.14052586216455235,1.6634211070829328,37.30569948186528
43-6011.00,0.5254028443548588,0.276048148856176,2.226185483950628,67.35751295336787
43-6012.00,0.5240823694410519,0.27466232995894724,2.1961901988951813,65.90673575129534
43-6013.00,0.5374596367976687,0.288862861186682,2.2382738709317374,68.18652849740933
43-6014.00,0.5535586411758904,0.3064271692204982,2.1951954041946053,65.80310880829016
43-9011.00,0.42284086332293624,0.17879439569568606,2.176884597713045,65.28497409326425
43-9021.00,0.39550223664734363,0.1564220191930514,2.060904014912554,57.61658031088083
43-9022.00,0.40531070546950526,0.16427676796818805,1.9990317695467061,53.26424870466321
43-9031.00,0.40971232326242646,0.16786418783309504,2.3425048886196693,77.8238341968912
43-9041.01,0.5389178916478193,0.29043249393813075,2.036854805063393,55.33678756476684
43-9041.02,0.5072413130503287,0.25729374966502155,2.1505757338703893,63.93782383419689
43-9051.00,0.2740791738502207,0.0751193935384195,1.3856666072902255,19.792746113989637
43-9061.00,0.47400901893738834,0.22468455003398538,2.07045486668143,58.54922279792746
43-9071.00,0.3007536753783051,0.09045277325355892,1.5334159214180927,30.155440414507773
43-9081.00,0.573270962454232,0.3286395963932015,2.4262440193137067,85.28497409326425
43-9111.00,0.5235459866384964,0.27410040012527664,2.2988084676345144,73.88601036269431
43-9111.01,0.5490987112830685,0.30150939473272664,2.6349158674716353,98.96373056994818
45-1011.05,0.2970941793804805,0.08826495142176112,1.5615599451223696,31.60621761658031
45-1011.06,0.3647653237319143,0.13305374139724824,1.6237753507112427,35.233160621761655
45-1011.07,0.3057540028428719,0.09348551025443892,1.4690761407579258,25.699481865284973
45-1011.08,0.3453833159827924,0.11928963495926943,1.5647897276689857,31.813471502590673
45-2011.00,0.41211677599615204,0.16984023705746257,1.9790893985860918,52.43523316062176
45-2021.00,0.25875214737448426,0.06695267377090683,1.29529071226603,12.849740932642487
45-2041.00,0.17623159966780091,0.03105757672147205,0.9734507193625226,2.0725388601036268
45-2091.00,0.22571594501090603,0.050947687832166355,1.3695100289040074,18.238341968911918
45-2092.01,0.18321628581372257,0.033568207387375676,0.9368496380300659,1.2435233160621761
45-2092.02,0.1872982373029093,0.03508062969677692,1.1084466691526453,5.492227979274611
45-2093.00,0.2533869856046245,0.0642049644737982,1.350579323297581,16.16580310880829
45-3011.00,0.20646867723869958,0.0426293146806983,1.1837795908586264,7.668393782383419
45-3021.00,0.21694993258318596,0.04706727324784893,1.253497886408372,10.569948186528498
45-4011.00,0.2587803632982895,0.06696727642879471,1.2934666466001903,12.746113989637307
45-4021.00,0.18166403674568535,0.033001822246737714,1.1108408107702816,5.803108808290156
45-4022.00,0.2121753987019903,0.04501839981434854,1.434623965095108,23.212435233160623
45-4023.00,0.30599920297772487,0.09363551222300287,1.6158726255426301,34.40414507772021
47-1011.00,0.353570992375039,0.12501244664906988,1.701956485829908,39.27461139896373
47-1011.03,0.35981712361720186,0.12946836244815674,1.6478383778433257,36.58031088082902
47-2011.00,0.2542545271454279,0.06464536457394514,1.332374788086591,14.507772020725389
47-2021.00,0.18587019241213307,0.03454772842732337,0.9798307933997004,2.383419689119171
47-2022.00,0.1997535549653463,0.039901482721293624,1.0031782452627718,3.4196891191709846
47-2031.01,0.2269953824500648,0.05152690365365118,1.1351126323752083,6.1139896373057
47-2031.02,0.24895365951011922,0.06197792458348037,1.2399277211553514,9.533678756476684
47-2041.00,0.2025866932535405,0.041041368283404114,1.0209971550927175,3.523316062176166
47-2042.00,0.23077684522163588,0.05325795229045088,1.0993356494211026,5.181347150259067
47-2043.00,0.16556261608772252,0.027410979845810597,1.097552361073058,5.077720207253886
47-2044.00,0.23967004054385804,0.057441728334294555,1.2482604743679369,10.259067357512953
47-2051.00,0.18203189875703962,0.03313561216509312,1.072922235100941,4.352331606217617
47-2053.00,0.17832318815685597,0.031799159434425454,1.035530461337801,3.8341968911917097
47-2061.00,0.20209939172713906,0.0408441641364796,1.0250978216075364,3.626943005181347
47-2071.00,0.2074706650832733,0.04304407687009576,1.2763990348465366,11.813471502590673
47-2072.00,0.18937972382080503,0.03586467979444439,1.3676183712014354,17.72020725388601
47-2073.00,0.228777152033576,0.05233898529259394,1.5233415106517207,29.637305699481864
47-2081.00,0.1973255832827436,0.03893738581787498,1.0706901013536951,4.1450777202072535
47-2082.00,0.17340839779971767,0.03007047242746513,0.9585746311410485,1.9689119170984455
47-2111.00,0.2901083961500056,0.08416288151672859,1.467434947439199,25.38860103626943
47-2121.00,0.20934801673145867,0.0438265921093951,1.104515671046454,5.38860103626943
47-2131.00,0.19511047079984667,0.03806809581573782,1.0318788102020735,3.7305699481865284
47-2132.00,0.2437645025168702,0.05942113268729722,1.1930194378029808,8.082901554404145
47-2141.00,0.18765493472681777,0.03521437452732624,0.980373065971017,2.4870466321243523
47-2142.00,0.17047272900947893,0.02906095133593924,1.0386057122140606,3.937823834196891
47-2151.00,0.2281957928175951,0.052073319859650795,1.2025394994876257,8.393782383419689
47-2152.01,0.25641563702233916,0.06574897890957199,1.3931046464498373,20.310880829015545
47-2152.02,0.2665367619042399,0.07104184544639748,1.3680503008058873,17.927461139896373
47-2161.00,0.18578861734631943,0.034517410335457105,0.9973784485035581,3.2124352331606216
47-2171.00,0.1687974493291294,0.02849257890002001,0.9482764127819576,1.6580310880829014
47-2181.00,0.19263823178553702,0.03710948834545828,0.9918434390154923,3.005181347150259
47-2211.00,0.24225784740003548,0.05868886462689887,1.3397411384810007,15.233160621761659
47-2221.00,0.19786563494494258,0.03915080949216528,1.077815549197283,4.5595854922279795
47-2231.00,0.2600625416530498,0.06763252557104427,1.37576373206813,18.860103626943005
47-3011.00,0.16286195038278994,0.026524014882486333,0.9772280349431974,2.2797927461139897
47-3012.00,0.20151718200571947,0.040609174643526265,1.0840167829608842,4.766839378238342
47-3013.00,0.19566049559946014,0.03828302953822636,1.1594762357152686,6.94300518134715
47-3014.00,0.15489345193448895,0.023991981452181836,0.8208083230535931,0.6217616580310881
47-3015.00,0.17941434125937442,0.03218950584953526,0.9958149938770133,3.1088082901554404
47-3016.00,0.17713525501234825,0.031376898568289645,0.9236964753733646,1.1398963730569949
47-4011.00,0.4175674706103088,0.1743625925118911,1.9783502115597347,52.33160621761658
47-4021.00,0.28179010758740436,0.07940566473412092,1.538402757448129,30.569948186528496
47-4031.00,0.1689183491159919,0.028533408668072125,0.9749314948735079,2.1761658031088085
47-4041.00,0.309435861342595,0.09575055228483367,1.532139595827221,30.05181347150259
47-4051.00,0.2249533228396217,0.05060399745658706,1.222630478209923,9.119170984455959
47-4061.00,0.21496100499031912,0.046208233666448,1.2717027365998057,11.606217616580311
47-4071.00,0.2290751994517486,0.052475447003858394,1.2603758267461587,11.191709844559586
47-4091.00,0.2609194204957673,0.06807894399184702,1.3681868782686268,18.031088082901555
47-4099.02,0.2855590086892367,0.08154394744357958,1.3649101063159241,17.098445595854923
47-4099.03,0.27308832716719994,0.07457723443497963,1.360543127935694,16.99481865284974
47-5011.00,0.22699272017550343,0.0515256950126744,1.210729090715597,8.704663212435234
47-5012.00,0.28886520727067316,0.08344310797152897,1.4877125915892422,26.632124352331605
47-5013.00,0.2541680964029555,0.06460142122910209,1.3456252534428623,15.647668393782384
47-5021.00,0.2649555542154543,0.07020144570961855,1.6324349158674387,35.5440414507772
47-5031.00,0.28920094619619446,0.08363718728077417,1.571350853754439,32.2279792746114
47-5041.00,0.2228467789333618,0.04966068688097462,1.290868536881285,12.538860103626943
47-5042.00,0.22076990603465,0.048739351410548186,1.2487894959699888,10.466321243523316
47-5051.00,0.17953485521254917,0.032232764236190994,1.0801455744961814,4.66321243523316
47-5061.00,0.19027301565786586,0.036203820487538466,1.0742685056634842,4.455958549222798
47-5071.00,0.19515359449749087,0.0380849254452911,1.0971929273860666,4.974093264248705
47-5081.00,0.2205918729546453,0.04866077441363837,1.2615594119822722,11.295336787564766
49-1011.00,0.3912829396676317,0.15310233887494354,1.7903896024145223,43.73056994818653
49-2011.00,0.32900020644249417,0.10824113583920378,1.7737944755770936,43.41968911917098
49-2021.00,0.26812412361530114,0.07189054566447328,1.3381799762904591,14.922279792746114
49-2021.01,0.33255723627480815,0.11059431539873858,1.8272691068766913,45.38860103626943
49-2022.00,0.2897821040565721,0.08397366783145399,1.467501443183791,25.59585492227979
49-2091.00,0.3768424275475846,0.14201021519995657,1.8674620800053465,47.461139896373055
49-2092.00,0.28158284760014657,0.07928890006260737,1.5711932332607867,32.12435233160622
49-2093.00,0.2943749889947491,0.08665663414565866,1.5919054154790153,33.26424870466321
49-2094.00,0.3233856108489022,0.10457825330411762,1.7021114680737572,39.37823834196891
49-2095.00,0.31040601385499883,0.09635189343734972,1.5740843380482665,32.538860103626945
49-2096.00,0.2910562179260397,0.0847137219934103,1.5229694348402116,29.533678756476682
49-2097.00,0.2934561175679722,0.08611649293806752,1.5720606747978614,32.33160621761658
49-2098.00,0.3006791621075093,0.09040795852567385,1.4894795780731593,27.253886010362695
49-3011.00,0.3141199830077628,0.09867136372479718,1.6488695769990533,36.6839378238342
49-3021.00,0.23823098608322404,0.056754002730185285,1.3103859214649403,13.471502590673575
49-3022.00,0.20472147942401886,0.04191088413755898,1.1644679845580792,7.046632124352332
49-3023.01,0.2669605784333921,0.0712679504374913,1.4118255900597216,21.55440414507772
49-3023.02,0.2834022671346056,0.08031684501703434,1.5336580323756435,30.259067357512954
49-3031.00,0.25699073616574153,0.06604423847500977,1.322286751169728,13.989637305699482
49-3041.00,0.24308646194183817,0.05909102797940074,1.318144540624559,13.678756476683938
49-3042.00,0.2493549583812788,0.062177895269329285,1.3727521881838347,18.65284974093264
49-3043.00,0.21752960650101635,0.04731912970448702,1.197209691553923,8.186528497409327
49-3051.00,0.26855603064770406,0.07212234159725056,1.365761521515437,17.202072538860104
49-3052.00,0.3026045039587494,0.09156948581612077,1.4877584329184812,26.735751295336787
49-3053.00,0.26226761321003533,0.0687843009388887,1.5209162333117991,29.326424870466322
49-3091.00,0.2824907521662531,0.07980102505945542,1.5104772440697705,28.497409326424872
49-3092.00,0.2858810169877418,0.08172795587394553,1.3881855849290083,20.0
49-3093.00,0.17968323430279892,0.03228606468951453,0.9805380145992273,2.5906735751295336
49-9011.00,0.2299973489350711,0.05289878051716085,1.166601987328339,7.150259067357513
49-9012.00,0.2946577285452947,0.08682317699147259,1.4670898246013444,25.28497409326425
49-9021.01,0.27871191923802496,0.07768033392534335,1.4261536430239685,22.797927461139896
49-9021.02,0.29307709166228435,0.08589418165722303,1.4263679176603872,22.901554404145077
49-9031.00,0.2942200444457568,0.0865654345536631,1.4778632388003061,26.321243523316063
49-9041.00,0.24585250680648554,0.06044345510303302,1.3512591482548921,16.269430051813472
49-9043.00,0.25804002862837705,0.06658465637453365,1.3904881961248652,20.207253886010363
49-9044.00,0.25727192495231666,0.06618884336867045,1.3295201558820164,14.196891191709845
49-9045.00,0.2333963622703336,0.05447386192102481,1.2414804362786238,9.637305699481866
49-9051.00,0.2609560357609096,0.06809805260004913,1.3986214295630959,20.932642487046632
49-9052.00,0.25166523156104387,0.06333538877667383,1.296569134562825,13.05699481865285
49-9061.00,0.33955476202134405,0.11529743641137159,2.0825372395279986,59.067357512953365
49-9062.00,0.34055052416929665,0.1159746595119827,1.8353252530799946,45.90673575129534
49-9063.00,0.32966305162338055,0.10867772760563968,1.655568060673741,36.994818652849744
49-9064.00,0.2989403321217481,0.08936532216906105,2.051451037877631,56.6839378238342
49-9071.00,0.2657046295579579,0.07059895016853165,1.3734729980966423,18.756476683937823
49-9081.00,0.27823291309662207,0.07741355393023244,1.4193658328872707,22.072538860103627
49-9091.00,0.2614698681664604,0.06836649195898618,1.5280752907281734,29.94818652849741
49-9092.00,0.2704170711298062,0.07312539235842265,1.3676761008374438,17.82383419689119
49-9093.00,0.19099594047750107,0.036479449278885134,1.4003126481117312,21.036269430051814
49-9094.00,0.27443637162053114,0.07531532206824226,1.600800927920074,33.47150259067357
49-9095.00,0.2300208061369549,0.052909571255894586,1.2964712735127337,12.953367875647668
49-9096.00,0.22642926609147387,0.05127021254272348,1.3194693260354562,13.782383419689118
49-9097.00,0.26188002374252195,0.06858114683538385,1.4945586124232948,27.564766839378237
49-9098.00,0.2239875351763081,0.050170415914357856,1.1898614560148708,7.875647668393782
49-9099.01,0.30174622275764873,0.09105078294850857,1.5650895236890288,31.917098445595855
51-1011.00,0.40089703846706204,0.160718435451661,1.8784872521754796,47.979274611398964
51-2011.00,0.2787143741908257,0.0776817023805836,1.4188708830474557,21.968911917098445
51-2021.00,0.2446153119296054,0.05983665083041815,1.5084552693363213,28.39378238341969
51-2022.00,0.28868624825003497,0.08333974992868082,1.6787997682938307,38.134715025906736
51-2023.00,0.2980697779358296,0.08884559251871478,1.6773796716031322,37.92746113989637
51-2031.00,0.2539226229065861,0.06447669842376033,1.4405235585591167,23.626943005181346
51-2041.00,0.23595616789316703,0.05567531316682843,1.3232922485195104,14.093264248704664
51-2091.00,0.23985714493413585,0.05753144997595505,1.3059660848083638,13.367875647668393
51-2092.00,0.25855656297607066,0.0668514962579988,1.4565741434770862,24.559585492227978
51-2093.00,0.28500321521589805,0.0812268326833995,1.926031972120674,50.362694300518136
51-3011.00,0.31970744194927037,0.10221284843774608,1.7520355426690783,42.487046632124354
51-3021.00,0.25149104103229536,0.06324774371950767,1.3833695537858677,19.481865284974095
51-3022.00,0.22469359756328877,0.05048721278593317,1.2463837248609804,10.155440414507773
51-3023.00,0.14396150229811144,0.020724914143929147,0.9503739373145355,1.8652849740932642
51-3091.00,0.28498191170087817,0.08121468999668711,1.4727212124590074,25.906735751295336
51-3092.00,0.31800689822766265,0.10112838732037899,1.5796728557139483,32.95336787564767
51-3093.00,0.2841780405156028,0.0807571587112876,1.4555582099086102,24.4559585492228
51-4011.00,0.28547326630448694,0.08149498577455251,1.5175830281300335,29.015544041450777
51-4012.00,0.3650166252665268,0.13323713672096404,1.9444730922264617,50.984455958549226
51-4021.00,0.22109314170900313,0.048882177310757335,1.3105012198706785,13.575129533678757
51-4022.00,0.26848887941158384,0.07208627836768801,1.4622270091821266,24.870466321243523
51-4023.00,0.24433638110138572,0.0597002671297216,1.3854424247303343,19.585492227979273
51-4031.00,0.2370274188772209,0.05618199729959753,1.3888897801916276,20.10362694300518
51-4032.00,0.2670096439100315,0.07129414994096182,1.489086535833162,27.04663212435233
51-4033.00,0.24384155418692943,0.05945870354829724,1.4878305694027492,26.83937823834197
51-4034.00,0.2274279045515668,0.05172345176871658,1.33472003812751,14.818652849740932
51-4035.00,0.27059009289968583,0.07321899837546061,1.4419345400818766,23.83419689119171
51-4041.00,0.2711679024217403,0.07353203130380648,1.5423119329008383,30.673575129533678
51-4051.00,0.2138137168775604,0.04571630552499756,1.2450571333796898,9.94818652849741
51-4052.00,0.2405163235982714,0.05784810191722841,1.3970778028993922,20.518134715025905
51-4061.00,0.28270925479462955,0.07992452274653478,1.611427097704037,34.30051813471503
51-4062.00,0.2914951475175672,0.08496942102628828,1.636432325006708,35.751295336787564
51-4071.00,0.17857816406944757,0.031890160682414535,1.0879748500155946,4.870466321243524
51-4072.00,0.24997687324729384,0.06248843715849361,1.3036229328120568,13.160621761658032
51-4081.00,0.28109004276416333,0.07901161214115916,1.5512006422509608,31.39896373056995
51-4111.00,0.3079601020604598,0.09483942446108883,1.71028136643696,39.79274611398964
51-4121.06,0.22747649115414387,0.051745554027801295,1.3309482229672107,14.404145077720207
51-4121.07,0.190432291999362,0.036264457836130276,1.359478407955179,16.787564766839377
51-4122.00,0.24915919635764713,0.06208030512958856,1.367458058898161,17.616580310880828
51-4191.00,0.24399468448882217,0.05953340605879988,1.3382587686560519,15.025906735751295
51-4192.00,0.2880594564062059,0.08297825042503883,1.5795906640836634,32.84974093264249
51-4193.00,0.2774682714076685,0.07698864163795958,1.3959618666379843,20.414507772020727
51-4194.00,0.25903876790602043,0.06710108327826912,1.5437854631730952,30.984455958549223
51-5111.00,0.37998785472806473,0.14439076974083684,2.324947491650629,75.85492227979275
51-5112.00,0.2863687257304697,0.08200704707649296,1.647627953118735,36.476683937823836
51-5113.00,0.26793996940677794,0.0717918272057051,1.3977615970570763,20.82901554404145
51-6011.00,0.23034849114263278,0.05306042737168758,1.2600860884588123,11.088082901554404
51-6021.00,0.13218680296854168,0.017473350879044062,1.0995898001650641,5.284974093264249
51-6031.00,0.21311662227738823,0.04541869469092297,1.6883139693275429,38.3419689119171
51-6041.00,0.21277723374466023,0.045274151200029776,1.4011830328426462,21.139896373056995
51-6042.00,0.23376191353880976,0.05464463222132597,1.3855061518186451,19.689119170984455
51-6051.00,0.2491905317443705,0.062095921111042125,1.962623569125767,52.020725388601036
51-6052.00,0.28769818418792026,0.08277024518502649,1.8962368420994724,49.22279792746114
51-6061.00,0.26635434902167654,0.07094463924276108,1.5208372101146448,29.22279792746114
51-6062.00,0.22786325998773949,0.05192166525224016,1.3779856919693743,18.963730569948186
51-6063.00,0.22001942674817582,0.048408548146595905,1.3433939522408762,15.44041450777202
51-6064.00,0.22894330237832197,0.05241503570389177,1.4468077364141825,23.93782383419689
51-6091.00,0.2627941444898999,0.06906076237817839,1.423715740806307,22.383419689119172
51-6092.00,0.3696139087187269,0.13661444151833538,2.0621916496827413,57.92746113989637
51-6093.00,0.22890707239585964,0.052398447792843326,1.3973595840067654,20.621761658031087
51-7011.00,0.2369337123041537,0.05613758402622747,1.3347176431824501,14.715025906735752
51-7021.00,0.24741560836731585,0.061214483263769014,1.417654364421923,21.865284974093264
51-7031.00,0.29546206481650256,0.08729783174563116,1.6210071852500132,34.92227979274612
51-7032.00,0.23622988891017693,0.05580456041451454,1.4803763985213219,26.424870466321245
51-7041.00,0.2167160821990329,0.04696586028369799,1.3477379379733045,15.958549222797927
51-7042.00,0.24257711589747383,0.05884365715713645,1.397646734277237,20.72538860103627
51-8011.00,0.45284290764801793,0.2050666990071113,2.3045721595260558,74.4041450777202
51-8012.00,0.4393448318355606,0.19302388126061704,2.169904358525155,64.55958549222798
51-8013.00,0.3399430702374494,0.11556129100246346,1.7172005586594028,40.72538860103627
51-8021.00,0.31117817623727245,0.096831857366355,1.6179138811764782,34.715025906735754
51-8031.00,0.2972285303880563,0.08834479927664371,1.4905058858124738,27.357512953367877
51-8091.00,0.32912183354933044,0.10832118131887318,1.6453132005141435,36.26943005181347
51-8092.00,0.32612976389308285,0.10636062289695797,1.7212918864362197,40.932642487046635
51-8093.00,0.3265307536128852,0.10662233305499874,1.6953300001755156,38.75647668393783
51-8099.01,0.29299557725878855,0.08584640829321073,1.4361343644043663,23.316062176165804
51-8099.03,0.2786075209905765,0.07762215075251452,1.5890392217743605,33.056994818652846
51-8099.04,0.308393266571673,0.09510640686674696,1.4629557710050436,24.974093264248705
51-9011.00,0.3149288500322844,0.09918018058265707,1.6422123634920096,36.16580310880829
51-9012.00,0.2547052703165796,0.06487477472704188,1.3472910836961878,15.751295336787564
51-9021.00,0.2491961592100478,0.0620987257650395,1.3407468960954845,15.336787564766839
51-9022.00,0.22836333134998796,0.05214981110526439,1.4113202607060855,21.45077720207254
51-9023.00,0.2639696713908286,0.06967998741418203,1.4805180838782195,26.528497409326423
51-9031.00,0.2359053963515121,0.05565135602776401,1.4960266939057687,27.7720207253886
51-9032.00,0.24551038149109783,0.06027534741990439,1.4765877154795084,26.21761658031088
51-9041.00,0.25077085630047313,0.06288602236967254,1.461615826582674,24.76683937823834
51-9051.00,0.26544655787613614,0.0704618750882889,1.3047646773339587,13.264248704663212
51-9061.00,0.37141167966979594,0.1379466357951391,1.8810433416816112,48.18652849740933
51-9071.01,0.30170935455433084,0.09102853462559092,2.0691673514275544,58.3419689119171
51-9071.06,0.3103004014480555,0.0962863391388244,2.064684851533001,58.031088082901555
51-9071.07,0.3156018340909023,0.09960451768154142,2.0890437525886987,59.689119170984455
51-9081.00,0.3275407752091054,0.10728295942458171,2.121863292528685,61.865284974093264
51-9082.00,0.3271884720082351,0.10705229621508364,1.6900694563118341,38.54922279792746
51-9083.00,0.2609655548999358,0.0681030208442314,1.8032679389760493,44.4559585492228
51-9111.00,0.253807375967119,0.0644181840953145,1.405549943627443,21.34715025906736
51-9121.00,0.230114659702805,0.05295275661013775,1.3523240001425483,16.580310880829014
51-9122.00,0.1887660463950695,0.03563262027162553,1.2430233990092734,9.740932642487047
51-9123.00,0.19536904217560144,0.038169062640611935,1.3668262272595049,17.409326424870468
51-9141.00,0.29198150495268654,0.08525319923443572,1.6174154927182822,34.50777202072539
51-9151.00,0.3317007245473041,0.1100253706652065,1.755036594613394,42.7979274611399
51-9191.00,0.22863471991051448,0.052273835148559405,1.256432731453132,10.77720207253886
51-9192.00,0.2317087848703971,0.05368896098611596,1.270418504636929,11.50259067357513
51-9193.00,0.2565738610344903,0.06583014616614595,1.3719945247505476,18.54922279792746
51-9194.00,0.28309857033847247,0.08014480052768705,1.663626608972036,37.409326424870464
51-9195.03,0.2250980976442185,0.05066915356304613,1.2913796188433448,12.642487046632125
51-9195.04,0.2481086587235707,0.061557906533609284,1.6222824153372701,35.02590673575129
51-9195.05,0.23726982688906315,0.05629697075196599,1.5896924529579204,33.16062176165803
51-9195.07,0.22566896094746414,0.05092647993510809,1.210020835108743,8.601036269430052
51-9196.00,0.26702109247834566,0.07130026382832923,1.5161055205091816,28.911917098445596
51-9197.00,0.20088741299056012,0.040355752698039864,1.1584401384275829,6.839378238341969
51-9198.00,0.2036315319828353,0.04146580081767647,1.1459068283264795,6.528497409326425
51-9199.01,0.21190357764544376,0.04490312621893861,1.3515571654633898,16.476683937823836
53-1011.00,0.30589651600907997,0.09357267850649331,1.4746996057173005,26.1139896373057
53-1021.00,0.39581287753824734,0.1566678340251076,1.6768505972938705,37.82383419689119
53-1021.01,0.4197419169805306,0.17618327687049062,1.8644653487562766,47.15025906735751
53-1031.00,0.4051312231544334,0.16413130797460732,1.8904554369233184,48.601036269430054
53-2011.00,0.3035111716349452,0.09211903130721714,1.6969631002158698,38.96373056994819
53-2012.00,0.3225279438472697,0.10402427456234754,1.7698167627052737,43.3160621761658
53-2021.00,0.49858933848589304,0.24859132845180043,2.5340101042886327,93.88601036269431
53-2022.00,0.4376162154691728,0.19150795204156146,2.110641526941104,60.932642487046635
53-2031.00,0.33758308661290426,0.11396234036709561,1.259903728128001,10.984455958549223
53-3011.00,0.2830115007492261,0.0800955095563292,1.4691526812209184,25.803108808290155
53-3021.00,0.22875444756897273,0.0523285972825859,1.4567523069002677,24.66321243523316
53-3022.00,0.26025943093795023,0.06773497139214568,1.551087378345504,31.295336787564768
53-3031.00,0.26290707292625787,0.06912012899465267,1.3298753372607293,14.300518134715025
53-3032.00,0.20360198738586427,0.041453769267473635,1.2548036459160128,10.67357512953368
53-3033.00,0.21195851554033507,0.04492641231006246,1.207118002103375,8.49740932642487
53-3041.00,0.24129637625718098,0.05822394119484705,1.3329652115659445,14.61139896373057
53-4011.00,0.2784841620769516,0.07755342852770185,1.6014923162328447,33.8860103626943
53-4012.00,0.2514338207574743,0.06321896622070171,1.4633620474254188,25.181347150259068
53-4013.00,0.25834236501536056,0.06674077756172979,1.4211266654260033,22.27979274611399
53-4021.00,0.22881722659938675,0.052357323188635105,1.2482891636964777,10.362694300518134
53-4031.00,0.31932815303971185,0.10197046932375363,1.5428903315950515,30.77720207253886
53-4041.00,0.25577125124447,0.06541893296316179,1.425998907302985,22.590673575129532
53-5011.00,0.23761650680163976,0.056461604304613715,1.225165651321998,9.22279792746114
53-5021.01,0.3128375215600363,0.09786731489582617,1.641175584243309,36.06217616580311
53-5021.02,0.2862403013237861,0.08193351010193185,1.4745871238969432,26.010362694300518
53-5021.03,0.29173304103292597,0.08510816723031886,1.6382015791516844,35.854922279792746
53-5022.00,0.2447502066193453,0.05990266364021221,1.426069913063233,22.694300518134714
53-5031.00,0.33396243245170965,0.11153090628906273,1.6108868371115603,34.196891191709845
53-6011.00,0.2651603938185433,0.07031003445000497,1.3660016182859989,17.305699481865286
53-6021.00,0.2262790391647721,0.05120220356533246,1.2747029715123244,11.709844559585493
53-6031.00,0.2304693969515702,0.05311614293122044,1.1698281718785615,7.357512953367876
53-6041.00,0.40771909741984425,0.16623486240085245,1.9925633640005667,52.84974093264249
53-6051.01,0.39274279057113215,0.15424689954560017,1.8575037140387454,46.52849740932643
53-6051.07,0.2911071314762534,0.08474336199633267,1.5115724965471748,28.60103626943005
53-6051.08,0.37371595011374037,0.13966361136941569,1.698237198700312,39.067357512953365
53-6061.00,0.3505235166695677,0.12286673573840072,1.359818451474306,16.89119170984456
53-7011.00,0.27856450363305196,0.07759818268432862,1.4489939836763954,24.145077720207254
53-7021.00,0.21517707822571752,0.04630117499375656,1.4256535975419364,22.487046632124354
53-7031.00,0.2207102283033348,0.04871300487771017,1.4275482948506957,23.00518134715026
53-7032.00,0.2182186441279288,0.04761937664503163,1.3478178356726194,16.06217616580311
53-7033.00,0.21080998366948706,0.0444408492147294,1.339174590752088,15.129533678756477
53-7041.00,0.23472007309085124,0.05509351271177455,1.3703890094921594,18.3419689119171
53-7051.00,0.18454505600910218,0.03405687769740266,1.2801964635522467,12.124352331606218
53-7061.00,0.12757132504893204,0.016274442974740275,0.9889423996367865,2.694300518134715
53-7062.00,0.1803729178530441,0.032534389494820994,0.9469459356351094,1.450777202072539
53-7063.00,0.2405259335221301,0.05785272469669214,1.3802223364316515,19.378238341968913
53-7064.00,0.17119232544817303,0.029306812292353192,0.9474834421131408,1.5544041450777202
53-7071.00,0.2838033306859683,0.08054433050844907,1.6087771543322191,33.98963730569948
53-7072.00,0.26967420308250556,0.07272417580818445,1.404762142862948,21.243523316062177
53-7073.00,0.22941971852002793,0.052633407245808846,1.2457781652791784,10.05181347150259
53-7081.00,0.20103275987860744,0.040414170544409836,1.1240536570980608,6.010362694300518
53-7111.00,0.1574369844052777,0.024786404058627653,1.3195697686719758,13.8860103626943
53-7121.00,0.22724800204876616,0.05164165443515603,1.2324186109786692,9.32642487046632
